name_cz,name_en,release_year
Vykoupení z věznice Shawshank,The Shawshank Redemption,1994
Forrest Gump,Forrest Gump,1994
Zelená míle,The Green Mile,1999
Sedm,Se7en,1995
Přelet nad kukaččím hnízdem,One Flew over the Cuckoo's Nest,1975
Schindlerův seznam,Schindler's List,1993
Kmotr,The Godfather,1972
Dvanáct rozhněvaných mužů,12 Angry Men,1957
Nedotknutelní,The Intouchables,2011
Pelíšky,Cosy Dens,1999
Terminátor 2: Den zúčtování,Terminator 2: Judgment Day,1991
Pán prstenů: Společenstvo Prstenu,The Lord of the Rings: The Fellowship of the Ring,2001
Pulp Fiction: Historky z podsvětí,Pulp Fiction,1994
Pán prstenů: Návrat krále,The Lord of the Rings: The Return of the King,2003
Kmotr II,The Godfather: Part II,1974
Temný rytíř,The Dark Knight,2008
Mlčení jehňátek,The Silence of the Lambs,1991
Tenkrát na Západě,Once Upon a Time in the West,1968
Matrix,The Matrix,1999
Gran Torino,Gran Torino,2008
"Hodný, zlý a ošklivý","The Good, the Bad and the Ugly",1966
Dobyvatelé ztracené archy,Raiders of the Lost Ark,1981
Rain Man,Rain Man,1988
Sedm statečných,The Magnificent Seven,1960
Vyšší princip,Higher Principle,1960
Indiana Jones a Poslední křížová výprava,Indiana Jones and the Last Crusade,1989
Vetřelec,Alien,1979
Vetřelci,Aliens,1986
Rivalové,Rush,2013
Le Mans '66,Ford v Ferrari,2019
Smrtonosná past,Die Hard,1988
Podraz,The Sting,1973
Zachraňte vojína Ryana,Saving Private Ryan,1998
S čerty nejsou žerty,Give the Devil His Due,1984
Leon,Léon: The Professional,1994
"„Marečku, podejte mi pero!“","Marecek, Pass Me the Pen!",1976
Amadeus,Amadeus,1984
Obecná škola,The Elementary School,1991
Star Wars: Epizoda V - Impérium vrací úder,Star Wars: Episode V - The Empire Strikes Back,1980
L. A. - Přísně tajné,L.A. Confidential,1997
Cesta do hlubin študákovy duše,Journey into the Depth of the Student's Soul,1939
Butch Cassidy a Sundance Kid,Butch Cassidy and the Sundance Kid,1969
Pán prstenů: Dvě věže,The Lord of the Rings: The Two Towers,2002
Návrat do budoucnosti,Back to the Future,1985
Počátek,Inception,2010
Gladiátor,Gladiator,2000
Čistá duše,A Beautiful Mind,2001
Město bohů,City of God,2002
Pianista,The Pianist,2002
Spalovač mrtvol,The Cremator,1968
Tanec s vlky,Dances with Wolves,1990
Vesničko má středisková,My Sweet Little Village,1985
Šestý smysl,The Sixth Sense,1999
Nespoutaný Django,Django Unchained,2012
Casino,Casino,1995
Prokletý ostrov,Shutter Island,2010
Klub rváčů,Fight Club,1999
Kult hákového kříže,American History X,1998
Statečné srdce,Braveheart,1995
Million Dollar Baby,Million Dollar Baby,2004
Dobrý Will Hunting,Good Will Hunting,1997
Nelítostný souboj,Heat,1995
Život je krásný,Life Is Beautiful,1997
Psycho,Psycho,1960
Dokonalý trik,The Prestige,2006
Četa,Platoon,1986
12 úkolů pro Asterixe,The Twelve Tasks of Asterix,1976
Klaus,Klaus,2019
Osvícení,The Shining,1980
Smrtonosná zbraň,Lethal Weapon,1987
Hon,The Hunt,2012
Prázdniny v Římě,Roman Holiday,1953
Shrek,Shrek,2001
Star Wars: Epizoda IV - Nová naděje,Star Wars: Episode IV - A New Hope,1977
Na samotě u lesa,Seclusion Near a Forest(festivalový název),1976
Někdo to rád horké,Some Like It Hot,1959
Kladivo na čarodějnice,Witchhammer,1969
Motýlek,Papillon,1973
Requiem za sen,Requiem for a Dream,2000
Mafiáni,Goodfellas,1990
Coco,Coco,2017
U pokladny stál...,He Stood at the Till,1939
Tenkrát v Americe,Once Upon a Time in America,1984
Star Wars: Epizoda III - Pomsta Sithů,Star Wars: Episode III - Revenge of the Sith,2005
Cesta do pravěku,Journey to the Beginning of Time,1955
Warrior,Warrior,2011
Obvyklí podezřelí,The Usual Suspects,1995
Americká krása,American Beauty,1999
Podfu(c)k,Snatch,2000
Bohemian Rhapsody,Bohemian Rhapsody,2018
Star Wars: Epizoda VI - Návrat Jediů,Star Wars: Episode VI - Return of the Jedi,1983
Byl jednou jeden král...,"Once Upon a Time, There Was a King...",1954
Bourneovo ultimátum,The Bourne Ultimatum,2007
Terminátor,The Terminator,1984
Uprchlík,The Fugitive,1993
Duna: Část druhá,Dune: Part Two,2024
Čas probuzení,Awakenings,1990
Spider-Man: Napříč paralelními světy,Spider-Man: Across the Spider-Verse,2023
"Chyť mě, když to dokážeš",Catch Me If You Can,2002
Poslední skaut,The Last Boy Scout,1991
Frajer Luke,Cool Hand Luke,1967
25 let neviny,25 Years of Innocence,2020
Trainspotting,Trainspotting,1996
Princezna Mononoke,Princess Mononoke,1997
Světáci,Men About Town,1969
Medvěd,"V kinech od27.10.1989
										TriStar Pictures",1988
Hanebný pancharti,Inglourious Basterds,2009
Truman Show,The Truman Show,1998
"Jára Cimrman ležící, spící","Jára Cimrman Lying, Sleeping",1983
Škola základ života,School Is the Foundation of Life,1938
Zelená kniha,Green Book,2018
Sedm samurajů,Seven Samurai,1954
Americký gangster,American Gangster,2007
Sbal prachy a vypadni,"Lock, Stock and Two Smoking Barrels",1998
Zjizvená tvář,Scarface,1983
Cesta do fantazie,Spirited Away,2001
Třináct životů,Thirteen Lives,2022
Černý jestřáb sestřelen,Black Hawk Down,2001
12 opic,12 Monkeys,1995
Predátor,Predator,1987
Osudový dotek,The Butterfly Effect,2004
Obchod na korze,The Shop on Main Street,1965
Batman začíná,Batman Begins,2005
"Vrchní, prchni!","Run, Waiter, Run!",1980
Rocky,Rocky,1976
Memento,Memento,2000
Lví král,The Lion King,1994
Smrtonosná zbraň 2,Lethal Weapon 2,1989
Top Gun: Maverick,Top Gun: Maverick,2022
Sněhurka a sedm trpaslíků,Snow White and the Seven Dwarfs,1937
Čarodějův učeň,The Sorcerer's Apprentice,1977
Ponorka,The Boat,1981
Sám doma,Home Alone,1990
Temný rytíř povstal,The Dark Knight Rises,2012
Pro pár dolarů navíc,For a Few Dollars More,1965
Na hraně zítřka,Edge of Tomorrow,2014
Hotel Rwanda,"V kinech od04.02.2005
										Metro-Goldwyn-Mayer (MGM)",2004
Nejistá sezóna,An Uncertain Season,1987
Jak vycvičit draka,How to Train Your Dragon,2010
Vynález zkázy,Invention for Destruction,1958
Tři oříšky pro Popelku,Three Wishes for Cinderella,1973
Císařův pekař - Pekařův císař,The Emperor's Baker - The Baker's Emperor,1951
Hra,The Game,1997
Smrt krásných srnců,Forbidden Dreams,1986
Olověná vesta,Full Metal Jacket,1987
Černobílý svět,The Help,2011
Sloní muž,The Elephant Man,1980
Hledá se Nemo,Finding Nemo,2003
Jurský park,Jurassic Park,1993
Kolja,Kolya,1996
Limonádový Joe aneb Koňská opera,Lemonade Joe,1964
Zmizení,Prisoners,2013
Dobrý voják Švejk,The Good Soldier Schweik,1956
Život Briana,Life of Brian,1979
Apokalypsa,Apocalypse Now,1979
Most přes řeku Kwai,The Bridge on the River Kwai,1957
Rozzum v divočině,The Wild Robot,2024
Skrytá identita,The Departed,2006
Návrat do budoucnosti II,Back to the Future Part II,1989
Gentlemani,The Gentlemen,2019
Společnost mrtvých básníků,Dead Poets Society,1989
Pink Floyd: The Wall,Pink Floyd: The Wall,1982
Carlitova cesta,Carlito's Way,1993
Vlny,Waves,2024
Zpívání v dešti,Singin' in the Rain,1952
Ratatouille,Ratatouille,2007
Gauneři,Reservoir Dogs,1992
Všichni dobří rodáci,All My Good Countrymen,1968
Kid,The Kid,1921
Život je krásný,It's a Wonderful Life,1946
Harry Potter a vězeň z Azkabanu,Harry Potter and the Prisoner of Azkaban,2004
Králova řeč,"V kinech od26.11.2010
										The Weinstein Company",2010
Slavnosti sněženek,The Snowdrop Festival,1983
Četník ze Saint Tropez,The Troops of St. Tropez,1964
Avengers: Infinity War,Avengers: Infinity War,2018
Svět podle Prota,K-PAX,2001
Spider-Man: Paralelní světy,Spider-Man: Into the Spider-Verse,2018
Ucho,The Ear,1970
Nebe a dudy,,1941
Obchodník se smrtí,Lord of War,2005
Skála,The Rock,1996
Poslušně hlásím,"The Good Soldier Schweik 2: Beg to Report, Sir",1957
Česká soda,Czech Soda,1998
Přednosta stanice,Station Master,1941
Ducháček to zařídí,Ducháček Will Fix It,1938
Okno do dvora,Rear Window,1954
Diktátor,The Great Dictator,1940
Kimi no na wa.,Your Name.,2016
Láska nebeská,"V kinech od08.12.2023
										Universal Pictures US",2003
Agent bez minulosti,The Bourne Identity,2002
Toy Story: Příběh hraček,Toy Story,1995
Bournův mýtus,The Bourne Supremacy,2004
Věc,The Thing,1982
Whiplash,Whiplash,2014
Velký útěk,The Great Escape,1963
96 hodin,"V kinech od30.01.2009
										20th Century Fox",2008
Rambo: První krev,First Blood,1982
Hačikó - příběh psa,Hachiko: A Dog's Story,2009
Těžká váha,Cinderella Man,2005
Howlův kráčející hrad,Howl's Moving Castle,2004
Stezky slávy,Paths of Glory,1957
Interstellar,Interstellar,2014
"Jáchyme, hoď ho do stroje!","Joachim, Put It in the Machine",1974
Poklad na Stříbrném jezeře,Treasure of Silver Lake,1962
Stvoření světa,The Creation of the World,1957
Ip Man,Yip Man,2008
Absolvent,The Graduate,1967
Zvíře,Animal,1977
Příběh z Bronxu,A Bronx Tale,1993
Vzpomínky na lásku,A Moment to Remember,2004
Tichá bolest,Silent Pain,1990
Sunset Boulevard,Sunset Boulevard,1950
Bio Ráj,Cinema Paradiso,1988
VALL-I,WALL-E,2008
Nekonečný příběh,The NeverEnding Story,1984
Příšerky s.r.o.,"Monsters, Inc.",2001
Útěk do divočiny,Into the Wild,2007
Neúplatní,The Untouchables,1987
Muž z Acapulca,The Man from Acapulco,1973
Kramerová versus Kramer,Kramer vs. Kramer,1979
JFK,JFK,1991
Nebeští jezdci,Riders of the Sky,1968
Ve jménu otce,In the Name of the Father,1993
Moderní doba,Modern Times,1936
Vlkochodci,Wolfwalkers,2020
Titanic,Titanic,1997
Joker,Joker,2019
Lepší už to nebude,As Good as It Gets,1997
Adéla ještě nevečeřela,Adela Has Not Had Her Supper Yet,1978
Návrat do budoucnosti III,Back to the Future Part III,1990
Kmotr III,The Godfather: Part III,1990
Velký flám,Don't Look Now: We're Being Shot At,1966
My Fair Lady,My Fair Lady,1964
Zlo mezi námi,,2003
Ben Hur,Ben-Hur,1959
Atentát,The Assassination,1964
Frigo na mašině,The General,1926
Norimberský proces,Judgment at Nuremberg,1961
Philadelphia,Philadelphia,1993
Musíme si pomáhat,,2000
Páni kluci,Gentlemen Boys,1975
Fimfárum Jana Wericha,,2002
Metropolis,,1927
Dva muži ve městě,Two Men in Town,1973
Bídníci,,1958
Ten den přijde,,2016
Volný pád,Falling Down,1993
Kulový blesk,Ball Lightning,1978
Mach a Šebestová k tabuli!,,1985
Malý velký muž,Little Big Man,1970
Jean od Floretty,,1986
X-Men: První třída,X-Men: First Class,2011
Poslední samuraj,The Last Samurai,2003
Poslední Mohykán,The Last of the Mohicans,1992
Co žere Gilberta Grapea,What's Eating Gilbert Grape,1993
Vinnetou,Apache Gold,1963
Skleněné peklo,The Towering Inferno,1974
Asterix v Británii,Asterix in Britain,1986
Skřivánci na niti,Larks on a String,1969
O myších a lidech,Of Mice and Men,1992
Profesionál,The Professional,1981
Laputa: Nebeský zámek,Castle in the Sky,1986
Happy end,Happy End,1967
Pahorek,The Hill,1965
Hrob světlušek,Grave of the Fireflies,1988
Velká země,The Big Country,1958
Světla velkoměsta,City Lights,1931
Svědek obžaloby,Witness for the Prosecution,1957
Zmizelá,Gone Girl,2014
Ďáblův advokát,The Devil's Advocate,1997
Crash,Crash,2004
Fantomas,,1964
"Hoří, má panenko",The Firemen's Ball,1967
Ecce homo Homolka,Behold Homolka,1969
Kristian,Christian,1939
Lady a Tramp,Lady and the Tramp,1955
Životy těch druhých,The Lives of Others,2006
Na sever Severozápadní linkou,North by Northwest,1959
Romeo a Julie,Romeo and Juliet,1968
Volyň,Hatred,2016
Na západní frontě klid,All Quiet on the Western Front,1930
Sowon,Hope,2013
Amélie z Montmartru,Amelie,2001
Žhavé výstřely 2,Hot Shots! Part Deux,1993
Čelisti,Jaws,1975
Toy Story 2: Příběh hraček,Toy Story 2,1999
Zootropolis: Město zvířat,Zootopia,2016
Na Hromnice o den více,Groundhog Day,1993
Planeta opic,Planet of the Apes,1968
Let číslo 93,"V kinech od28.04.2006
										Universal Pictures US",2006
Mary a Max,Mary and Max,2009
"Jestli se rozzlobíme, budeme zlí","Watch Out, We're Mad",1974
Baron Prášil,The Fabulous Baron Munchausen,1961
Kocour v botách: Poslední přání,Puss in Boots: The Last Wish,2022
Hořící Mississippi,Mississippi Burning,1988
Payback: Straight Up,,2006
Otec,The Father,2020
Shake Hands with the Devil,Shake Hands with the Devil,2007
Manon od pramene,Manon of the Spring,1986
Dnes naposled,Today for the Last Time,1958
Harakiri,Harakiri,1962
"Dobrodružství Robinsona Crusoe, námořníka z Yorku","Adventures of Robinson Crusoe, a Sailor from York",1981
Krtek,Here Comes the Mole,2011
Velká ryba,Big Fish,2003
Apollo 13,Apollo 13,1995
Bláznivá střela,The Naked Gun: From the Files of Police Squad!,1988
Výměna,Changeling,2008
Nepřítel státu,Enemy of the State,1998
Pravidla moštárny,The Cider House Rules,1999
Billy Elliot,Billy Elliot,2000
Zuřící býk,Raging Bull,1980
Eva tropí hlouposti,Eva Fools Around,1939
Můj soused Totoro,My Neighbor Totoro,1988
Asterix a překvapení pro Cézara,Asterix vs. Caesar,1985
Persepolis,Persepolis,2007
Železný obr,The Iron Giant,1999
V zajetí rychlosti,The World's Fastest Indian,2005
Údolí včel,The Valley of the Bees,1967
Den Šakala,The Day of the Jackal,1973
Naušika z Větrného údolí,Nausicaä of the Valley of the Wind,1984
Gándhí,Gandhi,1982
Píseň moře,Song of the Sea,2014
Kočka na rozpálené plechové střeše,Cat on a Hot Tin Roof,1958
Byt,The Apartment,1960
Kabinet doktora Caligariho,The Cabinet of Dr. Caligari,1920
Pohádka o Honzíkovi a Mařence,The Tale of John and Mary,1980
Koe no katači,A Silent Voice,2016
Dangal,Dangal,2016
Světla ramp,Limelight,1952
Nebe a peklo,High and Low,1963
Střihoruký Edward,Edward Scissorhands,1990
Doba ledová,Ice Age,2002
Věčný svit neposkvrněné mysli,Eternal Sunshine of the Spotless Mind,2004
21 gramů,21 Grams,2003
Vlasy,Hair,1979
"„Čtyři vraždy stačí, drahoušku“","Four Murders Are Enough, Darling",1970
Klepání na nebeskou bránu,,1997
The Doors,The Doors,1991
Podivné dědictví,Man of the East,1972
Čekej do tmy,Wait Until Dark,1967
Barry Lyndon,Barry Lyndon,1975
Lawrence z Arábie,Lawrence of Arabia,1962
Knoflíková válka,War of the Buttons,1962
Kdysi byli bojovníky,Once Were Warriors,1994
Božské děti,Children of Heaven,1997
Pohádky tisíce a jedné noci,A Thousand and One Nights,1974
Andrej Rublev,Andrei Rublev,1966
Zlaté opojení,The Gold Rush,1925
Rudovous,Red Beard,1965
Dogani,Silenced,2011
Vrah mezi námi,M,1931
Ve službách papeže,The Agony and the Ecstasy,1965
Písečná žena,Woman in the Dunes,1964
Mrtvá nevěsta Tima Burtona,Corpse Bride,2005
Tři veteráni,The Three Veterans,1983
Postřižiny,Cutting It Short,1980
Telefonní budka,Phone Booth,2002
Ukradené Vánoce,The Nightmare Before Christmas,1993
Spáči,Sleepers,1996
Hotel Modrá hvězda,The Blue Star Hotel,1941
Casablanca,Casablanca,1942
Kráska a zvíře,Beauty and the Beast,1991
Uvnitř tančím,Rory O'Shea Was Here,2004
Mise,The Mission,1986
Chicagský tribunál,The Trial of the Chicago 7,2020
"Jaro, léto, podzim, zima... a jaro","Spring, Summer, Fall, Winter... and Spring",2003
Ukradená vzducholoď,The Stolen Airship,1966
Rodinná oslava,The Celebration,1998
"Hádej, kdo přijde na večeři",Guess Who's Coming to Dinner,1967
Stará puška,The Old Gun,1975
Děrsu Uzala,Dersu Uzala,1975
Zloději kol,Bicycle Thieves,1948
Pojistka smrti,Double Indemnity,1944
Krátký film o lásce,A Short Film About Love,1988
Východ slunce,Sunrise,1927
Na vlásku,Tangled,2010
Wind River,Wind River,2017
Rozpuštěný a vypuštěný,Dissolved and Effused,1984
Odplata,Payback,1999
Dr. Divnoláska aneb Jak jsem se naučil nedělat si starosti a mít rád bombu,Dr. Strangelove or: How I Learned to Stop Worrying and Love the Bomb,1964
Jak ukrást Venuši,How to Steal a Million,1966
Neviditelný host,The Invisible Guest,2016
Láska a smrt,Love and Death,1975
Po stopách krve,On the Trail of Blood,1969
Tři barvy: Červená,,1994
Nejdelší den,The Longest Day,1962
Fanny a Alexandr,,1982
Phar Lap: Národní hrdina,Phar Lap,1983
Průvodce,Departures,2008
Za zvuků hudby,The Sound of Music,1965
Kdo seje vítr,Inherit the Wind,1960
Scény z manželského života,Scenes from a Marriage,1974
Cirkus,The Circus,1928
Utrpení Panny orleánské,The Passion of Joan of Arc,1928
O patro výš,Safety Last!,1923
Pátý element,The Fifth Element,1997
Úžasňákovi,The Incredibles,2004
Donnie Darko,Donnie Darko,2001
Kapitán Phillips,Captain Phillips,2013
Monty Python a Svatý Grál,Monty Python and the Holy Grail,1975
Vzpomínky na Afriku,Out of Africa,1985
Závrať,Vertigo,1958
Legenda o Mulan,Mulan,1998
Upír Nosferatu,Nosferatu,1922
Popelka,Cinderella,1950
Sedmá pečeť,The Seventh Seal,1957
Harold a Maude,Harold and Maude,1971
Krvavá neděle,Bloody Sunday,2002
Bastard,The Promised Land,2023
Moje levá noha,My Left Foot,1989
Yojimbo,Yojimbo,1961
"Quo vadis, Aida?",,2020
Faust,Faust,1926
Nejlepší léta našeho života,The Best Years of Our Lives,1946
Vzpoura,Samurai Rebellion,1967
Piráti z Karibiku: Prokletí Černé perly,Pirates of the Caribbean: The Curse of the Black Pearl,2003
Podivuhodný případ Benjamina Buttona,The Curious Case of Benjamin Button,2008
Hvězdný prach,Stardust,2007
Krvavý diamant,Blood Diamond,2006
Jméno růže,The Name of the Rose,1986
Nesmiřitelní,Unforgiven,1992
Noc na Zemi,Night on Earth,1991
3-iron,3-Iron,2004
Prolomit vlny,,1996
Unaveni sluncem,Burnt by the Sun,1994
Městečko South Park: Říše fantazie,South Park: Imaginationland,2008
Corpus Christi,Corpus Christi,2019
Zabíjení,The Killing,1956
"Paříž, Texas","Paris, Texas",1984
Nikdo mě nemá rád,The 400 Blows,1959
Poklad na Sierra Madre,The Treasure of the Sierra Madre,1948
Amatér,Camera Buff,1979
Selhání vyloučeno,Fail-Safe,1964
Dárek do cely č.7,Miracle in Cell No. 7,2019
Poslední štace,The Last Laugh,1924
Drž hubu!,Shut Up!,2003
Samotáři,Loners,2000
Tři billboardy kousek za Ebbingem,"Three Billboards Outside Ebbing, Missouri",2017
Fargo,Fargo,1996
Tajemství hradu v Karpatech,The Mysterious Castle in the Carpathians,1981
Parazit,Parasite,2019
Blbec k večeři,The Dinner Game,1998
Ray,Ray,2004
Serpico,Serpico,1973
Pouta války,Taegukgi: The Brotherhood of War,2004
Prohnilí,My New Partner,1984
Kdo se bojí Virginie Woolfové?,Who's Afraid of Virginia Woolf?,1966
Jeden život,One Life,2023
Medená veža,The Copper Tower(festivalový název),1970
Doktor Živago,Doctor Zhivago,1965
Welkeom tu Dongmakgol,Battle Ground 625,2005
Kimssi pyoryugi,,2009
Útěk v řetězech,The Defiant Ones,1958
Panu učiteli s láskou,"To Sir, with Love",1967
Sanjuro,Sanjuro,1962
Šumař na střeše,Fiddler on the Roof,1971
Život je úžasný,Life Feels Good,2013
Star Trek,Star Trek,2009
Avengers: Endgame,Avengers: Endgame,2019
Čínská čtvrť,Chinatown,1974
Nebožtíci přejí lásce,Avanti!,1972
Byl jsem při tom,Being There,1979
"Batman: Návrat Temného rytíře, část 2.","Batman: The Dark Knight Returns, Part 2",2013
Smrt si říká Engelchen,Death Is Called Engelchen,1963
Plynové lampy,Gaslight,1944
Někdo tam nahoře mě má rád,Somebody Up There Likes Me,1956
Maurice Richard,,2005
Présumé coupable,Guilty,2011
The Stoning of Soraya M.,"V kinech od26.06.2009
										Roadside Attractions",2008
Byl jsem lynčován,Fury,1936
Divotvůrkyně,The Miracle Worker,1962
Žhavé výstřely,Hot Shots!,1991
Logan: Wolverine,Logan,2017
Mechanický pomeranč,A Clockwork Orange,1971
Goldfinger,Goldfinger,1964
Zkažená mládež,The Class,2007
Annie Hallová,Annie Hall,1977
Bílá nemoc,Skeleton on Horseback,1937
Brubaker,Brubaker,1980
Kráva,The Cow,1993
Rašómon,Rashomon,1950
Vražda na objednávku,Dial M for Murder,1954
Lesní jahody,Wild Strawberries,1957
Staré pověsti české,Old Czech Legends,1952
Thelma a Louise,Thelma & Louise,1991
Dokonalý svět,A Perfect World,1993
Vůně ženy,Scent of a Woman,1992
Doručovací služba čarodějky Kiki,Kiki's Delivery Service,1989
Control,"V kinech od10.10.2007
										The Weinstein Company",2007
Jeremiah Johnson,Jeremiah Johnson,1972
Metro Manila,Metro Manila,2013
Na Zlatém jezeře,On Golden Pond,1981
Džúbei a umění nindžucu,Ninja Scroll,1993
Vlčí děti,Wolf Children,2012
Laurel a Hardy,Laurel and Hardy's Laughing 20's,1965
Pan Smith přichází,Mr. Smith Goes to Washington,1939
Kdo to tam zpívá,Who's Singin' Over There?,1980
Eso v rukávu,Ace in the Hole,1951
Poznamenaní,The Search,1948
Vojna a mír III: Rok 1812,War and Peace: Part III,1967
Vojna a mír,War and Peace,1965
Smrtonosná past 2,Die Hard 2,1990
Chlapec v pruhovaném pyžamu,The Boy in the Striped Pajamas,2008
Walk the Line,Walk the Line,2005
Hledání Země Nezemě,Finding Neverland,2004
Amores perros - Láska je kurva,Amores Perros,2000
Mrtvý muž,Dead Man,1995
"Černá kočka, bílý kocour",,1998
Misery nechce zemřít,Misery,1990
Sedím na konári a je mi dobre,"Sitting on a Branch, Enjoying Myself",1989
Jako zabít ptáčka,To Kill a Mockingbird,1962
Silnice,The Road,1954
Mzda strachu,The Wages of Fear,1953
Berserk: Ógon džidai hen II – Doldrey kórjaku,Berserk: Golden Age Arc II - The Battle for Doldrey,2012
Kinoautomat: Člověk a jeho dům,Kinoautomat: One Man and His House,1967
Aurore,,2005
Pátá pečeť,The Fifth Seal,1976
Vlk z Wall Street,The Wolf of Wall Street,2013
Hacksaw Ridge: Zrození hrdiny,Hacksaw Ridge,2016
Návrat do Cold Mountain,Cold Mountain,2003
Pro hrst dolarů,A Fistful of Dollars,1964
Opustit Las Vegas,Leaving Las Vegas,1995
Ghost in the Shell,Ghost in the Shell,1995
Petrolejové lampy,Oil Lamps,1971
Dotek Medúzy,The Medusa Touch,1978
S láskou Vincent,Loving Vincent,2017
Jesus Christ Superstar,Jesus Christ Superstar,1973
Arrietty ze světa půjčovníčků,The Secret World of Arrietty,2010
Volání divočiny,Born Free,1966
Kaktusový květ,Cactus Flower,1969
Ghost in the Shell 2.0,,2008
Mother and Child,"V kinech od07.05.2010
										Sony Pictures Classics",2009
Boxer a smrť,The Boxer(neoficiální název),1962
Vozka smrti,The Phantom Carriage,1921
Zavěste červené lucerny,Raise the Red Lantern,1991
Člověk z mramoru,Man of Marble,1977
Jagna,The Peasants,2023
Big Lebowski,The Big Lebowski,1998
Ti druzí,The Others,2001
Moulin Rouge,Moulin Rouge!,2001
Základní instinkt,Basic Instinct,1992
Interstate 60,Interstate 60,2002
Stalker,,1979
Růžový panter znovu zasahuje,"V kinech od15.12.1976
										United Artists",1976
Hotel Mumbai,Hotel Mumbai,2018
Adelheid,,1969
Něco z Alenky,Alice,1988
Návrat,The Return,2003
Smrtící bumerang,Sling Blade,1996
Mastičkář,,1981
Žít,To Live,1952
Rvačka mezi muži,Rififi,1955
Díra,Le Trou,1960
Barva ráje,The Color of Paradise,1999
Obchod za rohem,The Shop Around the Corner,1940
Vojna a mír IV: Pierre Bezuchov,War and Peace: Part IV,1967
Huo zhe,To Live,1994
Jak utopit Dr. Mráčka aneb Konec vodníků v Čechách,"How to Drown Dr. Mracek, the Lawyer",1974
Šíleně smutná princezna,The Incredibly Sad Princess,1968
Válka Roseových,The War of the Roses,1989
Přichází Satan!,"V kinech od25.06.1976
										20th Century Fox",1976
Černý Petr,Black Peter,1963
Vše o mé matce,All About My Mother,1999
Jih proti Severu,Gone with the Wind,1939
Hana a její sestry,Hannah and Her Sisters,1986
Hombre,Hombre,1967
Americká noc,Day for Night,1973
"Raz, dva, tři","One, Two, Three",1961
Pramen panny,The Virgin Spring,1960
Tři zločinci ve skryté pevnosti,The Hidden Fortress,1958
Pokání,Atonement,2007
"Muži, kteří nenávidí ženy",The Girl with the Dragon Tattoo,2009
Magnolia,Magnolia,1999
Vinnetou - Poslední výstřel,The Desperado Trail,1965
Nejvyšší nabídka,,2013
Magická hlubina,The Big Blue,1988
Rytíři spravedlnosti,Riders of Justice,2020
Kočár do Vídně,Coach to Vienna,1966
Persona,,1966
Návrat domů,Coming Home,1978
Ruróni Kenšin: Meidži kenkaku rómantan – Cuioku hen,Samurai X: Trust and Betrayal,1999
Zapomenutí,The Young and the Damned,1950
Jsem uprchlý galejník,I Am a Fugitive from a Chain Gang,1932
Harry Potter a Relikvie smrti - část 2,"V kinech od15.07.2011
										Warner Bros. US",2011
Saw: Hra o přežití,Saw,2004
Na nože,Knives Out,2019
(Ne)obyčejný kluk,Wonder,2017
Vampire Hunter D,Vampire Hunter D: Bloodlust,2000
Underground,,1995
Na východ od ráje,East of Eden,1955
V žáru noci,In the Heat of the Night,1967
"Zahraj to znovu, Same","Play It Again, Sam",1972
Kabaret,Cabaret,1972
Ďáblova past,The Devil's Trap,1961
"Evropa, Evropa",Europa Europa,1990
Mefisto,Mephisto,1981
Co se vlastně stalo s Baby Jane?,What Ever Happened to Baby Jane?,1962
Podzimní sonáta,Autumn Sonata,1978
Satanské tango,Satantango,1994
Bílé peklo,White Hell of Pitz Palu,1929
Shrek 2,Shrek 2,2004
Marťan,The Martian,2015
E.T. - Mimozemšťan,E.T.: The Extra-Terrestrial,1982
"Sbohem, baby",Gone Baby Gone,2007
Fantomas se zlobí,Fantomas Strikes Back,1965
Gattaca,Gattaca,1997
Naprostí cizinci,Perfect Strangers,2016
Lásky jedné plavovlásky,A Blonde in Love,1965
Adamova jablka,,2005
Kluci nepláčou,Boys Don't Cry,1999
Půlnoční kovboj,Midnight Cowboy,1969
Země nikoho,No Man's Land,2001
Krakatit,,1948
Nebe nad Berlínem,Wings of Desire,1987
Soumrak dne,The Remains of the Day,1993
Amarcord,,1973
Cyrano z Bergeracu,,1990
Pohraniční pásmo,J.S.A.: Joint Security Area,2000
Dům k pověšení,Time of the Gypsies,1988
Soumrak,,2002
Svědomí,Conscience,1948
Hilary a Jackie,Hilary and Jackie,1998
Ubožáci,,1982
Babka,Granny,2003
Keurosing,Crossing,2008
Bouřlivá dvacátá léta,The Roaring Twenties,1939
La traviata,,1982
Indiana Jones a Chrám zkázy,Indiana Jones and the Temple of Doom,1984
Krotitelé duchů,Ghostbusters,1984
Zápisník jedné lásky,The Notebook,2004
Souboj Titánů,Clash of the Titans,1981
Oppenheimer,Oppenheimer,2023
Sully: Zázrak na řece Hudson,Sully,2016
Maverick,Maverick,1994
Lovec jelenů,The Deer Hunter,1978
Volání o pomoc,Reign Over Me,2007
Příběh Alvina Straighta,The Straight Story,1999
Bílá paní,The White Lady,1965
Poslední pokušení Krista,The Last Temptation of Christ,1988
Roztomilý člověk,,1941
Elitní jednotka 2: Vnitřní nepřítel,Elite Squad: The Enemy Within,2010
Poslední mohykán,,1947
Mistrův syn,Drunken Master,1978
Cena za něžnost,Terms of Endearment,1983
Rozchod Nadera a Simin,A Separation,2011
Brendan a tajemství Kellsu,Brendan and the Secret of Kells(festivalový název),2009
Krátký film o zabíjení,A Short Film About Killing,1987
Chi bi xia: Jue zhan tian xia,Red Cliff: Part II,2009
Stalag 17,Stalag 17,1953
Tisíc dnů s Annou,Anne of the Thousand Days,1969
Papírový měsíc,Paper Moon,1973
Prožít si své peklo,To Each His Hell(neoficiální název),1977
K smrti odsouzený uprchl,A Man Escaped or: The Wind Bloweth Where It Listeth,1956
Kókaku kidótai: Stand Alone Complex - Solid State Society,Ghost in the Shell: Stand Alone Complex - Solid State Society,2006
Maminčin zámek,My Mother's Castle,1990
Maraton,Marathon,2005
Pan Verdoux,Monsieur Verdoux,1947
Červené střevíčky,The Red Shoes,1948
Být či nebýt,To Be or Not to Be,1942
Pelle Dobyvatel,Pelle the Conqueror,1987
Georges Bizet: Carmen,Bizet's Carmen,1984
Avatar,Avatar,2009
Dannyho parťáci,Ocean's Eleven,2001
Ospalá díra,Sleepy Hollow,1999
Auta,Cars,2006
Kokain,Blow,2001
Černí baroni,The Black Barons,1992
Smrtonosná zbraň 3,Lethal Weapon 3,1992
Ghost Dog - Cesta samuraje,Ghost Dog: The Way of the Samurai,1999
Wallace & Gromit: Prokletí králíkodlaka,Wallace & Gromit in The Curse of the Were-Rabbit,2005
Elitní jednotka,"V kinech od19.09.2008
										IFC Films",2007
Asterix a Kleopatra,Asterix and Cleopatra,1968
Tři dny Kondora,Three Days of the Condor,1975
Vyvolávač deště,The Rainmaker,1997
Občan Kane,Citizen Kane,1941
Star Trek VIII: První kontakt,Star Trek VIII: First Contact,1996
Na kometě,On the Comet,1970
Perný den,A Hard Day's Night,1964
V písku - Příslib svobody,Land of Mine,2015
Šaráda,Charade,1963
Porco Rosso,Porco Rosso,1992
Mimo zákon,Down by Law,1986
Ghost in the Shell 2: Innocence,Ghost in the Shell 2: Innocence,2004
Koně se také střílejí,"They Shoot Horses, Don't They?",1969
Život v oblouznění,Living in Oblivion,1995
Záře,Shine,1996
Pod vlivem lásky,Love Exposure,2008
Slídil,Sleuth,1972
Bohémský život,The Bohemian Life,1992
"Jdi, žij a někým se staň","Go, See, and Become",2005
Králův dvojník,Masquerade,2012
Werckmeisterovy harmonie,Werckmeister Harmonies,2000
Avengers,The Avengers,2012
Rocky IV,Rocky IV,1985
Křidýlko nebo stehýnko,The Wing and the Thigh,1976
Je třeba zabít Sekala,Sekal Has to Die,1998
Ip Man 2,Ip Man 2: Legend of the Grandmaster,2010
Piano,The Piano,1993
Jdi a dívej se,Come and See,1985
Tisícročná včela,The Millennial Bee,1983
Křižník Potěmkin,Battleship Potemkin,1925
Provaz,Rope,1948
Příští rok ve stejnou dobu,"Same Time, Next Year",1978
Kafarnaum,Capernaum,2018
Vše o Evě,All About Eve,1950
Pokání,Repentance,1984
Chladnokrevně,In Cold Blood,1967
Kimi no suizó o tabetai,I Want to Eat Your Pancreas,2018
Země zaslíbená,The Promised Land,1974
Císařův slavík,The Emperor's Nightingale,1948
Casino Royale,"V kinech od17.11.2006
										Columbia/Sony",2006
Toy Story 3: Příběh hraček,Toy Story 3,2010
Dařbuján a Pandrhola,,1959
Cesta do zatracení,Road to Perdition,2002
Ostře sledované vlaky,Closely Watched Trains,1966
Bláznivá střela 2 a 1/2: Vůně strachu,The Naked Gun 2½: The Smell of Fear,1991
Aladin,Aladdin,1992
Pošetilost mocných,Delusions of Grandeur,1971
Monty Pythonův smysl života,Monty Python's The Meaning of Life,1983
Dogville,Dogville,2003
Příliš vzdálený most,A Bridge Too Far,1977
Bosé nohy v parku,Barefoot in the Park,1967
Yeopgijeogin geunyeo,My Sassy Girl,2001
Slavíci v kleci,The Chorus,2004
Horalka,Two Women,1960
Vražedná pole,The Killing Fields,1984
Hrabě Monte Christo,The Count of Monte Cristo,1954
Zjizvená tvář,Scarface,1932
Waterloo,Waterloo,1970
Better Man,Better Man,2024
"Sbohem, má konkubíno",Farewell My Concubine,1993
Korunní svědek,Tiger Bay,1959
Strážci Galaxie,Guardians of the Galaxy,2014
Milionář z chatrče,Slumdog Millionaire,2008
"„Pane, vy jste vdova!“","You Are a Widow, Sir",1970
Rozum a cit,Sense and Sensibility,1995
Rosemary má děťátko,Rosemary's Baby,1968
Manhattan,Manhattan,1979
"O dívce, která proskočila časem",The Girl Who Leapt Through Time,2006
...a spravedlnost pro všechny,...And Justice for All,1979
Zločiny a poklesky,Crimes and Misdemeanors,1989
Šťastný Luke - Daisy Town,,1971
Berserk: Ógon džidai hen III – Kórin,Berserk: Golden Age Arc III - Descent,2013
Glory,Glory,2016
Oběť,The Sacrifice,1986
Bitva o Alžír,The Battle of Algiers,1966
"Ima, ai ni jukimasu",Be with You,2004
Bílý žár,White Heat,1949
Špalíček,The Czech Year,1947
Minority Report,Minority Report,2002
X-Men: Budoucí minulost,X-Men: Days of Future Past,2014
Nepřítel před branami,Enemy at the Gates,2001
Kód Enigmy,The Imitation Game,2014
Ed Wood,Ed Wood,1994
Traffic - Nadvláda gangů,Traffic,2000
Veřejný nepřítel č. 1: Epilog,Mesrine Part 2: Public Enemy #1,2008
Francouzská spojka,The French Connection,1971
Chaplin,Chaplin,1992
Smoke,"V kinech od09.06.1995
										Miramax Films",1995
Po svatbě,After the Wedding,2006
Svatý rok,Holy Year,1976
A teď něco úplně jiného,And Now for Something Completely Different,1971
Hamlet,"V kinech od25.12.1996
										Columbia/Sony",1996
Neviditelný muž,The Invisible Man,1933
Jeřábi táhnou,The Cranes Are Flying,1957
Píseň za chudého chlapce,Song for a Raggy Boy,2003
Starý dům uprostřed Madridu,Cria!,1976
Král Lear,King Lear,1970
"Já, robot","I, Robot",2004
Zrození Planety opic,Rise of the Planet of the Apes,2011
Náš vůdce,The Wave,2008
Krycí jméno Donnie Brasco,Donnie Brasco,1997
Karamazovi,The Karamazovs,2008
Braindead - Živí mrtví,Dead Alive,1992
Legenda o slavném návratu,The Legend of Bagger Vance,2000
Všichni moji blízcí,All My Loved Ones,1999
Na pokraji slávy,Almost Famous,2000
Legenda o opilém Mistrovi,Legend of the Drunken Master,1994
Všichni prezidentovi muži,All the President's Men,1976
Baader Meinhof Komplex,The Baader Meinhof Complex,2008
Kundun,Kundun,1997
Skafandr a motýl,The Diving Bell and the Butterfly,2007
Bambi,Bambi,1942
Balón,Balloon,2018
Mňága - Happy End,,1996
Cizinci ve vlaku,Strangers on a Train,1951
Země dinosaurů,The Land Before Time,1988
Pěst legendy,Fist of Legend,1994
Stalo se jedné noci,It Happened One Night,1934
Daft Punk & Leiji Matsumoto's Interstella 5555: The 5tory of the 5ecret 5tar 5ystem,Daft Punk & Leiji Matsumoto: Interstella 5555,2003
Hosté večeře Páně,Winter Light,1963
Polnočná omša,Midnight Mass,1962
Hanba,Shame,1968
Zakázané hry,Forbidden Games,1952
Trosečník,Cast Away,2000
X-Men 2,X-Men 2,2003
S tebou mě baví svět,You Take the Kids!(festivalový název),1982
Tahle země není pro starý,No Country for Old Men,2007
Klub poslední naděje,Dallas Buyers Club,2013
Divoké historky,Wild Tales,2014
Propast,The Abyss,1989
Spotlight,Spotlight,2015
Duše,Soul,2020
Animatrix,The Animatrix,2003
Kam se poděla sedmá rota?,Now Where Did the Seventh Company Get to?,1973
Obávaný bojovník,Fearless,2006
"Anton Špelec, ostrostřelec",,1932
"Muž, který nebyl",The Man Who Wasn't There,2001
Před úsvitem,Before Sunrise,1995
Kam orli nelétají,"V kinech od12.03.1969
										Metro-Goldwyn-Mayer (MGM)",1968
Valentin Dobrotivý,,1942
Půlnoční expres,"V kinech od06.10.1978
										Columbia Pictures US",1978
"Ronja, dcera loupežníka",Ronia: The Robber's Daughter,1984
Perfect Blue,Perfect Blue,1997
Země,Earth,1996
Zvláštní den,A Special Day,1977
Stalo se za bílého dne,It Happened in Broad Daylight,1958
Tatami,Tatami,2023
Suzumija Haruhi no šóšicu,The Disappearance of Haruhi Suzumiya,2010
"Sbohem, pane profesore!","Goodbye, Mr. Chips",1969
Slovo,The Word,1955
Marie-Octobre,Marie-October,1959
Iron Man,Iron Man,2008
District 9,District 9,2009
Osm hrozných,The Hateful Eight,2015
V zajetí démonů,The Conjuring,2013
Je to i můj život,My Sister's Keeper,2009
Tootsie,Tootsie,1982
Modrý samet,Blue Velvet,1986
Uprchlíci,The Fugitives,1986
Méďa Béďa,"Hey There, It's Yogi Bear",1964
Killer,The Killer,1989
Stíny horkého léta,Shadows of a Hot Summer,1977
Zkrocení zlé ženy,The Taming of the Shrew,1967
Smuteční slavnost,Funeral Ceremonies,1969
Most,The Bridge,1959
Neuvěřitelný zmenšující se muž,The Incredible Shrinking Man,1957
Sen noci svatojánské,A Midsummer Night's Dream,1959
Dědička,The Heiress,1949
Unavená smrt,Between Two Worlds,1921
Valkýra,Valkyrie,2008
Duna,Dune: Part One,2021
Pýcha a předsudek,Pride & Prejudice,2005
Štěstí na dosah,The Pursuit of Happyness,2006
Bezva finta,Hold-Up,1985
Lost Highway,Lost Highway,1997
Život Davida Galea,The Life of David Gale,2003
Americký zločin,An American Crime,2007
Vrah skrývá tvář,The Murderer Hides His Face,1966
Dumbo,Dumbo,1941
Tři barvy: Modrá,"V kinech od31.03.2023
										Curzon Film",1993
Hrabě Monte Christo,The Count of Monte-Cristo,2024
Jmenuji se Khan,My Name is Khan,2010
Africká Královna,The African Queen,1951
Chi bi,Red Cliff: Part I,2008
Berserk: Ógon džidai hen I – Haó no tamago,Berserk: Golden Age Arc I - The Egg of the King,2012
Rocco a jeho bratři,Rocco and His Brothers,1960
Tatínkova sláva,My Father's Glory,1990
Kes,Kes,1969
Balada o Narajamě,The Ballad of Narayama,1983
Skryté ostří,The Hidden Blade,2004
Šarlatová ulice,Scarlet Street,1945
X-Men,X-Men,2000
Pomáda,Grease,1978
Pyšná princezna,The Proud Princess,1952
Policajt v Beverly Hills,Beverly Hills Cop,1984
Mulholland Drive,Mulholland Drive,2001
Prvotní strach,Primal Fear,1996
Old Boy,Oldboy,2003
Chlast,Another Round,2020
Černá kniha,Black Book,2006
Mluv s ní,Talk to Her,2002
The Covenant,The Covenant,2023
Spartakus,Spartacus,1960
Velký bazar,The Big Store,1973
36. komnata Shaolinu,The 36th Chamber of Shaolin,1978
Kačeří příběhy: Poklad ze ztracené lampy,DuckTales The Movie - Treasure of the Lost Lamp,1990
Kukačka,The Cuckoo,2002
Tři mušketýři: Královniny přívěsky,The Fighting Musketeers,1961
El Dorado,El Dorado,1966
Zrůdy,Freaks,1932
Jánošík,,1963
Krvavý trůn,Throne of Blood,1957
Anděl zkázy,The Exterminating Angel,1962
Keulraesik,The Classic,2003
Grand Prix,Grand Prix,1966
Potopa,The Deluge,1974
Pouto nejsilnější,Brief Encounter,1945
Strom na dřeváky,The Tree of Wooden Clogs,1978
Vlk samotář a mládě 2: Řeka smrti,Lone Wolf and Cub: Baby Cart at the River Styx,1972
Vlk samotář a mládě 3: Proti vichru smrti,Lone Wolf and Cub: Baby Cart to Hades,1972
"Frigo, oběť krevní msty",Our Hospitality,1923
Srdce je osamělý lovec,The Heart Is a Lonely Hunter,1968
Kingsman: Tajná služba,Kingsman: The Secret Service,2014
Dívka na koštěti,The Girl on the Broomstick,1971
Vzhůru do oblak,Up,2009
Total Recall,Total Recall,1990
Velká šestka,Big Hero 6,2014
Master & Commander: Odvrácená strana světa,Master and Commander: The Far Side of the World,2003
Lovci hlav,Headhunters,2011
Princ Egyptský,The Prince of Egypt,1998
Hrdinové ohně,Only the Brave,2017
Mravnost nade vše,Morality Above All Else,1937
Dívka v modrém,Girl in Blue,1939
Psí odpoledne,Dog Day Afternoon,1975
Hard Boiled,Hard Boiled,1992
"4 měsíce, 3 týdny a 2 dny","4 Months, 3 Weeks and 2 Days",2007
Třetí muž,The 3rd Man,1949
"Romeo, Julie a tma","Romeo, Juliet and Darkness",1959
Divoká planeta,Fantastic Planet,1973
Milenci ze severního pólu,Lovers of the Arctic Circle,1998
Klér,Kler,2018
Brankář,The Keeper,2018
Viridiana,Viridiana,1961
Onibaba,Onibaba,1964
Fitzcarraldo,,1982
Žízeň po životě,Lust for Life,1956
Karlík a továrna na čokoládu,Charlie and the Chocolate Factory,2005
Thor: Ragnarok,Thor: Ragnarok,2017
V Bruggách,In Bruges,2008
V hlavě,Inside Out,2015
"Ten, kdo stojí v koutě",The Perks of Being a Wallflower,2012
Pád Třetí říše,Downfall,2004
Kontakt,Contact,1997
Raubíř Ralf,Wreck-It Ralph,2012
Taxikář,Taxi Driver,1976
Záměna,Trading Places,1983
Poslední souboj,The Last Duel,2021
Vítězové a poražení,Any Given Sunday,1999
Před soumrakem,Before Sunset,2004
Marketa Lazarová,Marketa Lazarová,1967
Tucet špinavců,The Dirty Dozen,1967
Straight Outta Compton,Straight Outta Compton,2015
Ten kluk,Boy A,2007
Hlas moře,The Sea Inside,2004
"Legenda o ""1900""",The Legend of the Pianist on the Ocean,1998
Šepot srdce,Whisper of the Heart,1995
Signum laudis,Signum Laudis,1980
Mastičkář,Forgotten Love,2023
All That Jazz,All That Jazz,1979
"Vidíš měsíc, Danieli",Held for Ransom,2019
Příběh Marie,Marie's Story,2014
Příběh z Tokia,,1953
Dětské tváře,Faces of Children,1925
Skyfall,"V kinech od09.11.2012
										Sony Pictures",2012
Ať žijí duchové!,Long Live Ghosts!,1977
Ready Player One: Hra začíná,Ready Player One,2018
Muž na Měsíci,"V kinech od22.12.1999
										Universal Pictures US",1999
Lid versus Larry Flynt,The People vs. Larry Flynt,1996
Hodiny,The Hours,2002
"Má mě rád, nemá mě rád",Flipped,2010
Vymítač ďábla,The Exorcist,1973
Saturnin,Saturnin,1994
Legendy z Dogtownu,Lords of Dogtown,2005
Sudá a lichá,Trinity: Gambling for High Stakes,1978
Tarzan,Tarzan,1999
Hořký měsíc,Bitter Moon,1992
Není král jako král,The Emperor's New Groove,2000
Kleopatra,Cleopatra,1963
West Side Story,West Side Story,1961
Golfový sen,The Greatest Game Ever Played,2005
Pytlákova schovanka aneb Šlechetný milionář,The Poacher's Foster Daughter or Noble Millionaire,1949
Volavka,Infernal Affairs,2002
V rytmu srdce,CODA,2021
Dolores Claiborneová,Dolores Claiborne,1995
Hra na pláč,"V kinech od25.11.1992
										Miramax Films",1992
Dealer III,I'm the Angel of Death: Pusher III,2005
Rosencrantz a Guildenstern jsou mrtvi,Rosencrantz & Guildenstern Are Dead,1990
Jak jsem se stal gangsterem,How I Became a Gangster. True Story,2019
Poslední představení,The Last Picture Show,1971
Zázrak v New Yorku,Miracle on 34th Street,1947
Dny vína a růží,Days of Wine and Roses,1962
Hobit: Neočekávaná cesta,The Hobbit: An Unexpected Journey,2012
Duch,Ghost,1990
Předčítač,The Reader,2008
Edith Piaf,La Vie en rose,2007
Hrdina,Hero,2002
Room,Room,2015
Odpojit,Disconnect,2012
Král rybář,The Fisher King,1991
Oddělen,Detachment,2011
Když Burian prášil,Baron Munchhausen,1940
Sledování,Following,1998
Svatba jako řemen,,1967
Trio z Belleville,The Triplets of Belleville,2003
Akira,,1988
Purpurová barva,The Color Purple,1985
Místnost sebevrahů. Hater,The Hater,2020
Požáry,Incendies,2010
Seber prachy a zmiz,Take the Money and Run,1969
Kovboj Bebop: Lovec odměn,Cowboy Bebop: The Movie,2001
Bohem zapomenuté děti,Children of a Lesser God,1986
Strach jíst duše,Ali: Fear Eats the Soul,1974
Malý svět dona Camilla,The Little World of Don Camillo,1952
Deadpool,Deadpool,2016
Coach Carter,Coach Carter,2005
Psí poslání,A Dog's Purpose,2017
Malý princ,The Little Prince,2015
Složka 64,The Purity of Vengeance,2018
Nebezpečné známosti,Dangerous Liaisons,1988
