name_cz,name_en,release_year,genres
Vykoupení z věznice Shawshank,The Shawshank Redemption,1994,"['Drama', 'Krimi']"
Forrest Gump,Forrest Gump,1994,"['Drama', 'Komedie', 'Romantický']"
Zelená míle,The Green Mile,1999,"['Drama', 'Krimi']"
Sedm,Se7en,1995,"['Thriller', 'Krimi', 'Drama']"
Přelet nad kukaččím hnízdem,One Flew over the Cuckoo's Nest,1975,['Drama']
Schindlerův seznam,Schindler's List,1993,"['Drama', 'Historický', 'Životopisný']"
Kmotr,The Godfather,1972,"['Drama', 'Krimi']"
Dvanáct rozhněvaných mužů,12 Angry Men,1957,"['Drama', 'Krimi']"
Nedotknutelní,The Intouchables,2011,"['Komedie', 'Drama', 'Životopisný']"
Pelíšky,Cosy Dens,1999,"['Komedie', 'Drama']"
Terminátor 2: Den zúčtování,Terminator 2: Judgment Day,1991,"['Akční', 'Sci-Fi', 'Thriller']"
Pán prstenů: Společenstvo Prstenu,The Lord of the Rings: The Fellowship of the Ring,2001,"['Fantasy', 'Dobrodružný', 'Akční']"
Pulp Fiction: Historky z podsvětí,Pulp Fiction,1994,"['Krimi', 'Drama']"
Pán prstenů: Návrat krále,The Lord of the Rings: The Return of the King,2003,"['Fantasy', 'Dobrodružný', 'Akční']"
Kmotr II,The Godfather: Part II,1974,"['Drama', 'Krimi']"
Temný rytíř,The Dark Knight,2008,"['Akční', 'Drama', 'Krimi', 'Thriller']"
Mlčení jehňátek,The Silence of the Lambs,1991,"['Thriller', 'Krimi', 'Horor', 'Drama']"
Tenkrát na Západě,Once Upon a Time in the West,1968,['Western']
Matrix,The Matrix,1999,"['Akční', 'Sci-Fi']"
Gran Torino,Gran Torino,2008,['Drama']
"Hodný, zlý a ošklivý","The Good, the Bad and the Ugly",1966,['Western']
Dobyvatelé ztracené archy,Raiders of the Lost Ark,1981,"['Dobrodružný', 'Akční', 'Drama', 'Fantasy']"
Rain Man,Rain Man,1988,"['Drama', 'Road movie']"
Sedm statečných,The Magnificent Seven,1960,"['Western', 'Dobrodružný', 'Akční']"
Vyšší princip,Higher Principle,1960,"['Drama', 'Válečný']"
Indiana Jones a Poslední křížová výprava,Indiana Jones and the Last Crusade,1989,"['Dobrodružný', 'Akční', 'Drama', 'Fantasy']"
Vetřelec,Alien,1979,"['Horor', 'Sci-Fi']"
Vetřelci,Aliens,1986,"['Sci-Fi', 'Thriller', 'Akční', 'Dobrodružný', 'Horor']"
Rivalové,Rush,2013,"['Drama', 'Životopisný', 'Akční']"
Le Mans '66,Ford v Ferrari,2019,"['Drama', 'Životopisný', 'Akční']"
Smrtonosná past,Die Hard,1988,"['Akční', 'Thriller']"
Podraz,The Sting,1973,"['Drama', 'Komedie', 'Krimi']"
Zachraňte vojína Ryana,Saving Private Ryan,1998,"['Drama', 'Válečný']"
S čerty nejsou žerty,Give the Devil His Due,1984,['Komedie']
Leon,Léon: The Professional,1994,"['Drama', 'Krimi', 'Thriller']"
"„Marečku, podejte mi pero!“","Marecek, Pass Me the Pen!",1976,['Komedie']
Amadeus,Amadeus,1984,"['Drama', 'Životopisný']"
Obecná škola,The Elementary School,1991,"['Komedie', 'Drama']"
Star Wars: Epizoda V - Impérium vrací úder,Star Wars: Episode V - The Empire Strikes Back,1980,"['Sci-Fi', 'Dobrodružný', 'Fantasy', 'Akční']"
L. A. - Přísně tajné,L.A. Confidential,1997,"['Drama', 'Krimi', 'Thriller']"
Cesta do hlubin študákovy duše,Journey into the Depth of the Student's Soul,1939,['Komedie']
Butch Cassidy a Sundance Kid,Butch Cassidy and the Sundance Kid,1969,"['Western', 'Drama', 'Krimi', 'Životopisný']"
Pán prstenů: Dvě věže,The Lord of the Rings: The Two Towers,2002,"['Fantasy', 'Dobrodružný', 'Akční']"
Návrat do budoucnosti,Back to the Future,1985,"['Dobrodružný', 'Komedie', 'Sci-Fi']"
Počátek,Inception,2010,"['Akční', 'Sci-Fi', 'Thriller', 'Dobrodružný']"
Gladiátor,Gladiator,2000,"['Akční', 'Dobrodružný', 'Drama']"
Čistá duše,A Beautiful Mind,2001,"['Drama', 'Životopisný']"
Město bohů,City of God,2002,"['Krimi', 'Drama']"
Pianista,The Pianist,2002,"['Drama', 'Životopisný', 'Válečný']"
Spalovač mrtvol,The Cremator,1968,"['Drama', 'Horor', 'Thriller', 'Komedie']"
Tanec s vlky,Dances with Wolves,1990,"['Dobrodružný', 'Drama', 'Western']"
Vesničko má středisková,My Sweet Little Village,1985,['Komedie']
Šestý smysl,The Sixth Sense,1999,"['Drama', 'Thriller', 'Horor']"
Nespoutaný Django,Django Unchained,2012,"['Western', 'Dobrodružný', 'Drama']"
Casino,Casino,1995,"['Drama', 'Krimi']"
Prokletý ostrov,Shutter Island,2010,"['Thriller', 'Drama']"
Klub rváčů,Fight Club,1999,"['Drama', 'Thriller']"
Kult hákového kříže,American History X,1998,"['Drama', 'Krimi']"
Statečné srdce,Braveheart,1995,"['Drama', 'Historický', 'Válečný', 'Životopisný']"
Million Dollar Baby,Million Dollar Baby,2004,['Drama']
Dobrý Will Hunting,Good Will Hunting,1997,['Drama']
Nelítostný souboj,Heat,1995,"['Akční', 'Drama', 'Krimi', 'Thriller']"
Život je krásný,Life Is Beautiful,1997,"['Komedie', 'Romantický', 'Drama', 'Válečný']"
Psycho,Psycho,1960,"['Horor', 'Thriller']"
Dokonalý trik,The Prestige,2006,"['Thriller', 'Drama', 'Sci-Fi']"
Četa,Platoon,1986,"['Drama', 'Válečný']"
12 úkolů pro Asterixe,The Twelve Tasks of Asterix,1976,"['Animovaný', 'Dobrodružný', 'Komedie']"
Klaus,Klaus,2019,"['Animovaný', 'Dobrodružný', 'Komedie']"
Osvícení,The Shining,1980,"['Horor', 'Drama', 'Thriller']"
Smrtonosná zbraň,Lethal Weapon,1987,"['Akční', 'Krimi', 'Thriller']"
Hon,The Hunt,2012,['Drama']
Prázdniny v Římě,Roman Holiday,1953,"['Komedie', 'Romantický']"
Shrek,Shrek,2001,"['Animovaný', 'Dobrodružný', 'Komedie']"
Star Wars: Epizoda IV - Nová naděje,Star Wars: Episode IV - A New Hope,1977,"['Sci-Fi', 'Dobrodružný', 'Fantasy', 'Akční']"
Na samotě u lesa,Seclusion Near a Forest(festivalový název),1976,"['Komedie', 'Drama']"
Někdo to rád horké,Some Like It Hot,1959,"['Komedie', 'Krimi', 'Romantický']"
Kladivo na čarodějnice,Witchhammer,1969,"['Drama', 'Historický', 'Horor']"
Motýlek,Papillon,1973,"['Drama', 'Krimi', 'Životopisný']"
Requiem za sen,Requiem for a Dream,2000,['Drama']
Mafiáni,Goodfellas,1990,"['Drama', 'Krimi', 'Životopisný']"
Coco,Coco,2017,"['Animovaný', 'Komedie', 'Fantasy', 'Dobrodružný']"
U pokladny stál...,He Stood at the Till,1939,['Komedie']
Tenkrát v Americe,Once Upon a Time in America,1984,"['Krimi', 'Drama', 'Thriller']"
Star Wars: Epizoda III - Pomsta Sithů,Star Wars: Episode III - Revenge of the Sith,2005,"['Sci-Fi', 'Fantasy', 'Dobrodružný', 'Akční']"
Cesta do pravěku,Journey to the Beginning of Time,1955,"['Dobrodružný', 'Fantasy', 'Sci-Fi']"
Warrior,Warrior,2011,['Drama']
Obvyklí podezřelí,The Usual Suspects,1995,"['Drama', 'Krimi', 'Thriller']"
Americká krása,American Beauty,1999,['Drama']
Podfu(c)k,Snatch,2000,"['Komedie', 'Krimi']"
Bohemian Rhapsody,Bohemian Rhapsody,2018,"['Životopisný', 'Drama']"
Star Wars: Epizoda VI - Návrat Jediů,Star Wars: Episode VI - Return of the Jedi,1983,"['Sci-Fi', 'Dobrodružný', 'Fantasy', 'Akční']"
Byl jednou jeden král...,"Once Upon a Time, There Was a King...",1954,['Komedie']
Bourneovo ultimátum,The Bourne Ultimatum,2007,"['Akční', 'Thriller']"
Terminátor,The Terminator,1984,"['Akční', 'Sci-Fi', 'Thriller']"
Uprchlík,The Fugitive,1993,"['Akční', 'Thriller', 'Drama']"
Duna: Část druhá,Dune: Part Two,2024,"['Sci-Fi', 'Akční', 'Dobrodružný', 'Drama']"
Čas probuzení,Awakenings,1990,"['Drama', 'Životopisný']"
Spider-Man: Napříč paralelními světy,Spider-Man: Across the Spider-Verse,2023,"['Animovaný', 'Akční', 'Dobrodružný', 'Sci-Fi']"
"Chyť mě, když to dokážeš",Catch Me If You Can,2002,"['Drama', 'Krimi', 'Životopisný']"
Poslední skaut,The Last Boy Scout,1991,"['Akční', 'Krimi', 'Thriller', 'Komedie']"
Frajer Luke,Cool Hand Luke,1967,"['Drama', 'Krimi']"
25 let neviny,25 Years of Innocence,2020,['Drama']
Trainspotting,Trainspotting,1996,"['Drama', 'Krimi', 'Komedie']"
Princezna Mononoke,Princess Mononoke,1997,"['Animovaný', 'Dobrodružný', 'Fantasy']"
Světáci,Men About Town,1969,['Komedie']
Medvěd,"V kinech od27.10.1989
										TriStar Pictures",1988,"['Dobrodružný', 'Drama']"
Hanebný pancharti,Inglourious Basterds,2009,"['Drama', 'Dobrodružný', 'Válečný']"
Truman Show,The Truman Show,1998,"['Drama', 'Komedie', 'Sci-Fi']"
"Jára Cimrman ležící, spící","Jára Cimrman Lying, Sleeping",1983,"['Komedie', 'Životopisný']"
Škola základ života,School Is the Foundation of Life,1938,['Komedie']
Zelená kniha,Green Book,2018,"['Drama', 'Komedie', 'Road movie', 'Životopisný']"
Sedm samurajů,Seven Samurai,1954,"['Akční', 'Drama']"
Americký gangster,American Gangster,2007,"['Drama', 'Krimi', 'Thriller', 'Životopisný']"
Sbal prachy a vypadni,"Lock, Stock and Two Smoking Barrels",1998,"['Krimi', 'Thriller', 'Komedie']"
Zjizvená tvář,Scarface,1983,"['Krimi', 'Drama', 'Thriller']"
Cesta do fantazie,Spirited Away,2001,"['Animovaný', 'Dobrodružný', 'Fantasy']"
Třináct životů,Thirteen Lives,2022,"['Drama', 'Dobrodružný']"
Černý jestřáb sestřelen,Black Hawk Down,2001,"['Drama', 'Historický', 'Válečný']"
12 opic,12 Monkeys,1995,"['Sci-Fi', 'Thriller']"
Predátor,Predator,1987,"['Akční', 'Sci-Fi', 'Horor']"
Osudový dotek,The Butterfly Effect,2004,"['Sci-Fi', 'Thriller']"
Obchod na korze,The Shop on Main Street,1965,"['Drama', 'Válečný']"
Batman začíná,Batman Begins,2005,"['Akční', 'Dobrodružný']"
"Vrchní, prchni!","Run, Waiter, Run!",1980,['Komedie']
Rocky,Rocky,1976,['Drama']
Memento,Memento,2000,['Thriller']
Lví král,The Lion King,1994,"['Animovaný', 'Dobrodružný', 'Drama', 'Muzikál']"
Smrtonosná zbraň 2,Lethal Weapon 2,1989,"['Akční', 'Krimi', 'Thriller']"
Top Gun: Maverick,Top Gun: Maverick,2022,"['Akční', 'Drama']"
Sněhurka a sedm trpaslíků,Snow White and the Seven Dwarfs,1937,"['Animovaný', 'Romantický', 'Muzikál']"
Čarodějův učeň,The Sorcerer's Apprentice,1977,"['Animovaný', 'Horor']"
Ponorka,The Boat,1981,"['Drama', 'Válečný']"
Sám doma,Home Alone,1990,['Komedie']
Temný rytíř povstal,The Dark Knight Rises,2012,"['Akční', 'Krimi', 'Drama', 'Thriller']"
Pro pár dolarů navíc,For a Few Dollars More,1965,['Western']
Na hraně zítřka,Edge of Tomorrow,2014,"['Sci-Fi', 'Akční', 'Dobrodružný']"
Hotel Rwanda,"V kinech od04.02.2005
										Metro-Goldwyn-Mayer (MGM)",2004,"['Drama', 'Válečný', 'Životopisný']"
Nejistá sezóna,An Uncertain Season,1987,['Komedie']
Jak vycvičit draka,How to Train Your Dragon,2010,"['Animovaný', 'Dobrodružný', 'Fantasy', 'Komedie']"
Vynález zkázy,Invention for Destruction,1958,"['Sci-Fi', 'Dobrodružný', 'Fantasy']"
Tři oříšky pro Popelku,Three Wishes for Cinderella,1973,[]
Císařův pekař - Pekařův císař,The Emperor's Baker - The Baker's Emperor,1951,"['Komedie', 'Historický']"
Hra,The Game,1997,"['Drama', 'Thriller']"
Smrt krásných srnců,Forbidden Dreams,1986,"['Drama', 'Komedie']"
Olověná vesta,Full Metal Jacket,1987,"['Drama', 'Válečný']"
Černobílý svět,The Help,2011,['Drama']
Sloní muž,The Elephant Man,1980,"['Drama', 'Životopisný']"
Hledá se Nemo,Finding Nemo,2003,"['Animovaný', 'Dobrodružný', 'Komedie']"
Jurský park,Jurassic Park,1993,"['Dobrodružný', 'Sci-Fi', 'Thriller']"
Kolja,Kolya,1996,"['Komedie', 'Drama']"
Limonádový Joe aneb Koňská opera,Lemonade Joe,1964,"['Komedie', 'Muzikál', 'Western', 'Dobrodružný']"
Zmizení,Prisoners,2013,"['Thriller', 'Krimi', 'Drama']"
Dobrý voják Švejk,The Good Soldier Schweik,1956,"['Komedie', 'Válečný']"
Život Briana,Life of Brian,1979,['Komedie']
Apokalypsa,Apocalypse Now,1979,"['Válečný', 'Drama']"
Most přes řeku Kwai,The Bridge on the River Kwai,1957,"['Dobrodružný', 'Drama', 'Válečný']"
Rozzum v divočině,The Wild Robot,2024,"['Animovaný', 'Sci-Fi', 'Dobrodružný']"
Skrytá identita,The Departed,2006,"['Drama', 'Krimi', 'Thriller']"
Návrat do budoucnosti II,Back to the Future Part II,1989,"['Dobrodružný', 'Komedie', 'Sci-Fi', 'Akční']"
Gentlemani,The Gentlemen,2019,"['Akční', 'Komedie', 'Krimi']"
Společnost mrtvých básníků,Dead Poets Society,1989,['Drama']
Pink Floyd: The Wall,Pink Floyd: The Wall,1982,"['Drama', 'Muzikál', 'Animovaný', 'Fantasy']"
Carlitova cesta,Carlito's Way,1993,"['Drama', 'Krimi', 'Thriller']"
Vlny,Waves,2024,"['Drama', 'Thriller', 'Historický']"
Zpívání v dešti,Singin' in the Rain,1952,"['Muzikál', 'Romantický', 'Komedie']"
Ratatouille,Ratatouille,2007,"['Animovaný', 'Komedie', 'Dobrodružný', 'Fantasy']"
Gauneři,Reservoir Dogs,1992,"['Krimi', 'Thriller']"
Všichni dobří rodáci,All My Good Countrymen,1968,['Drama']
Kid,The Kid,1921,"['Komedie', 'Drama']"
Život je krásný,It's a Wonderful Life,1946,"['Drama', 'Fantasy', 'Romantický']"
Harry Potter a vězeň z Azkabanu,Harry Potter and the Prisoner of Azkaban,2004,"['Fantasy', 'Dobrodružný']"
Králova řeč,"V kinech od26.11.2010
										The Weinstein Company",2010,"['Drama', 'Životopisný']"
Slavnosti sněženek,The Snowdrop Festival,1983,['Komedie']
Četník ze Saint Tropez,The Troops of St. Tropez,1964,"['Komedie', 'Krimi']"
Avengers: Infinity War,Avengers: Infinity War,2018,"['Akční', 'Dobrodružný', 'Sci-Fi']"
Svět podle Prota,K-PAX,2001,"['Drama', 'Sci-Fi']"
Spider-Man: Paralelní světy,Spider-Man: Into the Spider-Verse,2018,"['Animovaný', 'Akční', 'Dobrodružný', 'Sci-Fi']"
Ucho,The Ear,1970,"['Drama', 'Thriller']"
Nebe a dudy,,1941,"['Komedie', 'Romantický']"
Obchodník se smrtí,Lord of War,2005,"['Krimi', 'Drama', 'Thriller']"
Skála,The Rock,1996,"['Akční', 'Thriller', 'Dobrodružný']"
Poslušně hlásím,"The Good Soldier Schweik 2: Beg to Report, Sir",1957,"['Komedie', 'Válečný']"
Česká soda,Czech Soda,1998,['Komedie']
Přednosta stanice,Station Master,1941,['Komedie']
Ducháček to zařídí,Ducháček Will Fix It,1938,['Komedie']
Okno do dvora,Rear Window,1954,['Thriller']
Diktátor,The Great Dictator,1940,"['Komedie', 'Drama', 'Válečný']"
Kimi no na wa.,Your Name.,2016,"['Animovaný', 'Fantasy', 'Romantický', 'Drama']"
Láska nebeská,"V kinech od08.12.2023
										Universal Pictures US",2003,"['Komedie', 'Drama', 'Romantický']"
Agent bez minulosti,The Bourne Identity,2002,"['Akční', 'Thriller']"
Toy Story: Příběh hraček,Toy Story,1995,"['Animovaný', 'Dobrodružný', 'Komedie']"
Bournův mýtus,The Bourne Supremacy,2004,"['Akční', 'Thriller']"
Věc,The Thing,1982,"['Sci-Fi', 'Horor', 'Thriller']"
Whiplash,Whiplash,2014,['Drama']
Velký útěk,The Great Escape,1963,"['Dobrodružný', 'Drama', 'Válečný', 'Historický']"
96 hodin,"V kinech od30.01.2009
										20th Century Fox",2008,"['Akční', 'Krimi', 'Thriller', 'Drama']"
Rambo: První krev,First Blood,1982,"['Akční', 'Dobrodružný', 'Drama']"
Hačikó - příběh psa,Hachiko: A Dog's Story,2009,['Drama']
Těžká váha,Cinderella Man,2005,"['Drama', 'Životopisný', 'Historický']"
Howlův kráčející hrad,Howl's Moving Castle,2004,"['Animovaný', 'Dobrodružný', 'Fantasy', 'Romantický']"
Stezky slávy,Paths of Glory,1957,"['Drama', 'Válečný']"
Interstellar,Interstellar,2014,"['Sci-Fi', 'Dobrodružný', 'Drama']"
"Jáchyme, hoď ho do stroje!","Joachim, Put It in the Machine",1974,['Komedie']
Poklad na Stříbrném jezeře,Treasure of Silver Lake,1962,"['Dobrodružný', 'Western']"
Stvoření světa,The Creation of the World,1957,"['Animovaný', 'Komedie']"
Ip Man,Yip Man,2008,"['Akční', 'Drama', 'Životopisný']"
Absolvent,The Graduate,1967,"['Drama', 'Komedie']"
Zvíře,Animal,1977,"['Komedie', 'Akční', 'Romantický']"
Příběh z Bronxu,A Bronx Tale,1993,"['Krimi', 'Drama']"
Vzpomínky na lásku,A Moment to Remember,2004,"['Drama', 'Romantický']"
Tichá bolest,Silent Pain,1990,['Drama']
Sunset Boulevard,Sunset Boulevard,1950,['Drama']
Bio Ráj,Cinema Paradiso,1988,"['Drama', 'Romantický', 'Komedie']"
VALL-I,WALL-E,2008,"['Animovaný', 'Dobrodružný', 'Sci-Fi']"
Nekonečný příběh,The NeverEnding Story,1984,"['Fantasy', 'Dobrodružný', 'Drama']"
Příšerky s.r.o.,"Monsters, Inc.",2001,"['Animovaný', 'Komedie', 'Fantasy']"
Útěk do divočiny,Into the Wild,2007,"['Dobrodružný', 'Drama', 'Životopisný']"
Neúplatní,The Untouchables,1987,"['Krimi', 'Drama', 'Thriller']"
Muž z Acapulca,The Man from Acapulco,1973,"['Komedie', 'Akční', 'Romantický']"
Kramerová versus Kramer,Kramer vs. Kramer,1979,['Drama']
JFK,JFK,1991,"['Drama', 'Historický', 'Thriller']"
Nebeští jezdci,Riders of the Sky,1968,"['Válečný', 'Drama']"
Ve jménu otce,In the Name of the Father,1993,"['Drama', 'Životopisný', 'Thriller']"
Moderní doba,Modern Times,1936,"['Komedie', 'Drama', 'Romantický']"
Vlkochodci,Wolfwalkers,2020,"['Animovaný', 'Dobrodružný', 'Fantasy']"
Titanic,Titanic,1997,"['Drama', 'Romantický', 'Historický', 'Katastrofický']"
Joker,Joker,2019,"['Krimi', 'Drama', 'Thriller']"
Lepší už to nebude,As Good as It Gets,1997,"['Komedie', 'Drama', 'Romantický']"
Adéla ještě nevečeřela,Adela Has Not Had Her Supper Yet,1978,"['Komedie', 'Krimi', 'Sci-Fi']"
Návrat do budoucnosti III,Back to the Future Part III,1990,"['Dobrodružný', 'Komedie', 'Sci-Fi', 'Western']"
Kmotr III,The Godfather: Part III,1990,"['Drama', 'Krimi']"
Velký flám,Don't Look Now: We're Being Shot At,1966,"['Komedie', 'Válečný']"
My Fair Lady,My Fair Lady,1964,"['Komedie', 'Drama', 'Muzikál', 'Romantický']"
Zlo mezi námi,,2003,['Drama']
Ben Hur,Ben-Hur,1959,"['Dobrodružný', 'Drama', 'Historický']"
Atentát,The Assassination,1964,"['Drama', 'Válečný', 'Historický', 'Thriller']"
Frigo na mašině,The General,1926,"['Komedie', 'Romantický', 'Dobrodružný', 'Válečný', 'Akční']"
Norimberský proces,Judgment at Nuremberg,1961,"['Drama', 'Historický', 'Válečný']"
Philadelphia,Philadelphia,1993,['Drama']
Musíme si pomáhat,,2000,"['Komedie', 'Drama', 'Válečný']"
Páni kluci,Gentlemen Boys,1975,"['Dobrodružný', 'Komedie']"
Fimfárum Jana Wericha,,2002,"['Animovaný', 'Fantasy']"
Metropolis,,1927,"['Sci-Fi', 'Drama']"
Dva muži ve městě,Two Men in Town,1973,"['Krimi', 'Drama']"
Bídníci,,1958,['Drama']
Ten den přijde,,2016,['Drama']
Volný pád,Falling Down,1993,"['Drama', 'Krimi', 'Thriller']"
Kulový blesk,Ball Lightning,1978,['Komedie']
Mach a Šebestová k tabuli!,,1985,"['Animovaný', 'Komedie']"
Malý velký muž,Little Big Man,1970,"['Western', 'Drama', 'Komedie', 'Dobrodružný']"
Jean od Floretty,,1986,['Drama']
X-Men: První třída,X-Men: First Class,2011,"['Akční', 'Dobrodružný', 'Sci-Fi', 'Thriller']"
Poslední samuraj,The Last Samurai,2003,"['Akční', 'Dobrodružný', 'Drama']"
Poslední Mohykán,The Last of the Mohicans,1992,"['Akční', 'Dobrodružný', 'Drama', 'Romantický', 'Válečný']"
Co žere Gilberta Grapea,What's Eating Gilbert Grape,1993,['Drama']
Vinnetou,Apache Gold,1963,"['Western', 'Dobrodružný']"
Skleněné peklo,The Towering Inferno,1974,"['Thriller', 'Drama', 'Akční', 'Katastrofický']"
Asterix v Británii,Asterix in Britain,1986,"['Animovaný', 'Dobrodružný', 'Komedie']"
Skřivánci na niti,Larks on a String,1969,['Komedie']
O myších a lidech,Of Mice and Men,1992,['Drama']
Profesionál,The Professional,1981,"['Akční', 'Krimi', 'Drama', 'Thriller']"
Laputa: Nebeský zámek,Castle in the Sky,1986,"['Animovaný', 'Akční', 'Dobrodružný', 'Fantasy']"
Happy end,Happy End,1967,['Komedie']
Pahorek,The Hill,1965,"['Drama', 'Válečný']"
Hrob světlušek,Grave of the Fireflies,1988,"['Animovaný', 'Drama', 'Válečný']"
Velká země,The Big Country,1958,"['Western', 'Drama', 'Romantický']"
Světla velkoměsta,City Lights,1931,"['Komedie', 'Drama', 'Romantický']"
Svědek obžaloby,Witness for the Prosecution,1957,"['Krimi', 'Drama', 'Thriller']"
Zmizelá,Gone Girl,2014,"['Thriller', 'Drama', 'Krimi']"
Ďáblův advokát,The Devil's Advocate,1997,"['Drama', 'Thriller']"
Crash,Crash,2004,"['Drama', 'Krimi']"
Fantomas,,1964,"['Komedie', 'Krimi', 'Dobrodružný', 'Fantasy']"
"Hoří, má panenko",The Firemen's Ball,1967,['Komedie']
Ecce homo Homolka,Behold Homolka,1969,['Komedie']
Kristian,Christian,1939,"['Komedie', 'Romantický']"
Lady a Tramp,Lady and the Tramp,1955,"['Animovaný', 'Romantický']"
Životy těch druhých,The Lives of Others,2006,"['Drama', 'Thriller']"
Na sever Severozápadní linkou,North by Northwest,1959,"['Thriller', 'Dobrodružný', 'Romantický']"
Romeo a Julie,Romeo and Juliet,1968,"['Drama', 'Romantický']"
Volyň,Hatred,2016,"['Drama', 'Historický', 'Válečný']"
Na západní frontě klid,All Quiet on the Western Front,1930,"['Válečný', 'Drama']"
Sowon,Hope,2013,['Drama']
Amélie z Montmartru,Amelie,2001,"['Komedie', 'Drama', 'Romantický']"
Žhavé výstřely 2,Hot Shots! Part Deux,1993,"['Akční', 'Komedie', 'Válečný']"
Čelisti,Jaws,1975,"['Dobrodružný', 'Horor', 'Thriller', 'Drama']"
Toy Story 2: Příběh hraček,Toy Story 2,1999,"['Animovaný', 'Dobrodružný', 'Komedie']"
Zootropolis: Město zvířat,Zootopia,2016,"['Animovaný', 'Dobrodružný', 'Krimi', 'Komedie']"
Na Hromnice o den více,Groundhog Day,1993,"['Fantasy', 'Komedie', 'Romantický']"
Planeta opic,Planet of the Apes,1968,"['Sci-Fi', 'Dobrodružný', 'Drama']"
Let číslo 93,"V kinech od28.04.2006
										Universal Pictures US",2006,"['Historický', 'Drama', 'Krimi', 'Thriller']"
Mary a Max,Mary and Max,2009,"['Animovaný', 'Komedie', 'Drama']"
"Jestli se rozzlobíme, budeme zlí","Watch Out, We're Mad",1974,"['Komedie', 'Akční']"
Baron Prášil,The Fabulous Baron Munchausen,1961,"['Dobrodružný', 'Fantasy', 'Sci-Fi', 'Animovaný']"
Kocour v botách: Poslední přání,Puss in Boots: The Last Wish,2022,"['Animovaný', 'Akční', 'Dobrodružný', 'Komedie', 'Fantasy']"
Hořící Mississippi,Mississippi Burning,1988,"['Krimi', 'Thriller', 'Drama']"
Payback: Straight Up,,2006,"['Akční', 'Krimi', 'Drama', 'Thriller']"
Otec,The Father,2020,['Drama']
Shake Hands with the Devil,Shake Hands with the Devil,2007,"['Drama', 'Historický', 'Válečný']"
Manon od pramene,Manon of the Spring,1986,['Drama']
Dnes naposled,Today for the Last Time,1958,['Drama']
Harakiri,Harakiri,1962,"['Akční', 'Drama', 'Historický']"
"Dobrodružství Robinsona Crusoe, námořníka z Yorku","Adventures of Robinson Crusoe, a Sailor from York",1981,"['Animovaný', 'Dobrodružný']"
Krtek,Here Comes the Mole,2011,"['Animovaný', 'Dobrodružný']"
Velká ryba,Big Fish,2003,"['Fantasy', 'Dobrodružný', 'Romantický', 'Drama']"
Apollo 13,Apollo 13,1995,"['Dobrodružný', 'Drama', 'Historický']"
Bláznivá střela,The Naked Gun: From the Files of Police Squad!,1988,"['Komedie', 'Krimi', 'Akční']"
Výměna,Changeling,2008,"['Drama', 'Historický', 'Krimi', 'Thriller', 'Životopisný']"
Nepřítel státu,Enemy of the State,1998,"['Drama', 'Akční', 'Thriller']"
Pravidla moštárny,The Cider House Rules,1999,"['Drama', 'Romantický']"
Billy Elliot,Billy Elliot,2000,"['Drama', 'Komedie']"
Zuřící býk,Raging Bull,1980,"['Drama', 'Životopisný']"
Eva tropí hlouposti,Eva Fools Around,1939,['Komedie']
Můj soused Totoro,My Neighbor Totoro,1988,"['Animovaný', 'Dobrodružný', 'Fantasy']"
Asterix a překvapení pro Cézara,Asterix vs. Caesar,1985,"['Animovaný', 'Dobrodružný', 'Komedie']"
Persepolis,Persepolis,2007,"['Animovaný', 'Drama', 'Válečný', 'Životopisný']"
Železný obr,The Iron Giant,1999,"['Animovaný', 'Sci-Fi', 'Komedie', 'Dobrodružný', 'Krimi', 'Akční']"
V zajetí rychlosti,The World's Fastest Indian,2005,"['Dobrodružný', 'Drama', 'Životopisný']"
Údolí včel,The Valley of the Bees,1967,"['Drama', 'Historický']"
Den Šakala,The Day of the Jackal,1973,"['Thriller', 'Krimi', 'Drama']"
Naušika z Větrného údolí,Nausicaä of the Valley of the Wind,1984,"['Animovaný', 'Dobrodružný', 'Fantasy', 'Sci-Fi']"
Gándhí,Gandhi,1982,"['Drama', 'Životopisný']"
Píseň moře,Song of the Sea,2014,"['Animovaný', 'Fantasy']"
Kočka na rozpálené plechové střeše,Cat on a Hot Tin Roof,1958,['Drama']
Byt,The Apartment,1960,"['Drama', 'Komedie', 'Romantický']"
Kabinet doktora Caligariho,The Cabinet of Dr. Caligari,1920,"['Drama', 'Horor', 'Fantasy']"
Pohádka o Honzíkovi a Mařence,The Tale of John and Mary,1980,"['Animovaný', 'Dobrodružný', 'Fantasy']"
Koe no katači,A Silent Voice,2016,"['Animovaný', 'Drama', 'Romantický']"
Dangal,Dangal,2016,"['Drama', 'Životopisný']"
Světla ramp,Limelight,1952,"['Drama', 'Komedie']"
Nebe a peklo,High and Low,1963,"['Thriller', 'Krimi', 'Drama']"
Střihoruký Edward,Edward Scissorhands,1990,"['Drama', 'Fantasy', 'Romantický']"
Doba ledová,Ice Age,2002,"['Animovaný', 'Dobrodružný', 'Komedie']"
Věčný svit neposkvrněné mysli,Eternal Sunshine of the Spotless Mind,2004,"['Drama', 'Romantický', 'Sci-Fi']"
21 gramů,21 Grams,2003,"['Drama', 'Krimi', 'Thriller']"
Vlasy,Hair,1979,"['Muzikál', 'Komedie', 'Drama']"
"„Čtyři vraždy stačí, drahoušku“","Four Murders Are Enough, Darling",1970,"['Komedie', 'Krimi']"
Klepání na nebeskou bránu,,1997,"['Akční', 'Krimi', 'Komedie', 'Drama']"
The Doors,The Doors,1991,"['Drama', 'Životopisný']"
Podivné dědictví,Man of the East,1972,"['Western', 'Komedie', 'Akční']"
Čekej do tmy,Wait Until Dark,1967,"['Horor', 'Thriller']"
Barry Lyndon,Barry Lyndon,1975,"['Drama', 'Válečný', 'Dobrodružný', 'Historický']"
Lawrence z Arábie,Lawrence of Arabia,1962,"['Dobrodružný', 'Válečný', 'Drama', 'Životopisný']"
Knoflíková válka,War of the Buttons,1962,['Komedie']
Kdysi byli bojovníky,Once Were Warriors,1994,"['Drama', 'Krimi']"
Božské děti,Children of Heaven,1997,"['Komedie', 'Drama']"
Pohádky tisíce a jedné noci,A Thousand and One Nights,1974,['Animovaný']
Andrej Rublev,Andrei Rublev,1966,"['Drama', 'Životopisný', 'Historický']"
Zlaté opojení,The Gold Rush,1925,"['Komedie', 'Dobrodružný']"
Rudovous,Red Beard,1965,['Drama']
Dogani,Silenced,2011,['Drama']
Vrah mezi námi,M,1931,"['Krimi', 'Thriller', 'Drama']"
Ve službách papeže,The Agony and the Ecstasy,1965,"['Drama', 'Historický']"
Písečná žena,Woman in the Dunes,1964,"['Drama', 'Thriller']"
Mrtvá nevěsta Tima Burtona,Corpse Bride,2005,"['Animovaný', 'Fantasy', 'Romantický', 'Muzikál']"
Tři veteráni,The Three Veterans,1983,"['Komedie', 'Fantasy']"
Postřižiny,Cutting It Short,1980,['Komedie']
Telefonní budka,Phone Booth,2002,['Thriller']
Ukradené Vánoce,The Nightmare Before Christmas,1993,"['Animovaný', 'Fantasy', 'Muzikál']"
Spáči,Sleepers,1996,"['Krimi', 'Drama', 'Thriller']"
Hotel Modrá hvězda,The Blue Star Hotel,1941,['Komedie']
Casablanca,Casablanca,1942,"['Drama', 'Romantický', 'Válečný']"
Kráska a zvíře,Beauty and the Beast,1991,"['Animovaný', 'Muzikál', 'Romantický']"
Uvnitř tančím,Rory O'Shea Was Here,2004,"['Drama', 'Komedie']"
Mise,The Mission,1986,"['Drama', 'Dobrodružný', 'Historický']"
Chicagský tribunál,The Trial of the Chicago 7,2020,"['Drama', 'Historický']"
"Jaro, léto, podzim, zima... a jaro","Spring, Summer, Fall, Winter... and Spring",2003,['Drama']
Ukradená vzducholoď,The Stolen Airship,1966,"['Dobrodružný', 'Fantasy', 'Historický']"
Rodinná oslava,The Celebration,1998,['Drama']
"Hádej, kdo přijde na večeři",Guess Who's Coming to Dinner,1967,"['Komedie', 'Drama', 'Romantický']"
Stará puška,The Old Gun,1975,"['Válečný', 'Thriller', 'Drama']"
Děrsu Uzala,Dersu Uzala,1975,"['Dobrodružný', 'Drama', 'Životopisný']"
Zloději kol,Bicycle Thieves,1948,['Drama']
Pojistka smrti,Double Indemnity,1944,"['Drama', 'Krimi', 'Thriller']"
Krátký film o lásce,A Short Film About Love,1988,"['Drama', 'Romantický']"
Východ slunce,Sunrise,1927,"['Drama', 'Romantický']"
Na vlásku,Tangled,2010,"['Animovaný', 'Komedie', 'Muzikál', 'Romantický', 'Fantasy']"
Wind River,Wind River,2017,"['Drama', 'Krimi', 'Thriller']"
Rozpuštěný a vypuštěný,Dissolved and Effused,1984,"['Komedie', 'Krimi']"
Odplata,Payback,1999,"['Akční', 'Krimi', 'Thriller', 'Drama']"
Dr. Divnoláska aneb Jak jsem se naučil nedělat si starosti a mít rád bombu,Dr. Strangelove or: How I Learned to Stop Worrying and Love the Bomb,1964,"['Komedie', 'Válečný']"
Jak ukrást Venuši,How to Steal a Million,1966,"['Komedie', 'Krimi', 'Romantický']"
Neviditelný host,The Invisible Guest,2016,"['Krimi', 'Thriller', 'Drama']"
Láska a smrt,Love and Death,1975,"['Komedie', 'Válečný']"
Po stopách krve,On the Trail of Blood,1969,['Krimi']
Tři barvy: Červená,,1994,"['Drama', 'Romantický']"
Nejdelší den,The Longest Day,1962,"['Válečný', 'Akční', 'Drama', 'Historický']"
Fanny a Alexandr,,1982,['Drama']
Phar Lap: Národní hrdina,Phar Lap,1983,['Drama']
Průvodce,Departures,2008,['Drama']
Za zvuků hudby,The Sound of Music,1965,"['Muzikál', 'Drama', 'Životopisný']"
Kdo seje vítr,Inherit the Wind,1960,['Drama']
Scény z manželského života,Scenes from a Marriage,1974,['Drama']
Cirkus,The Circus,1928,"['Komedie', 'Drama', 'Romantický']"
Utrpení Panny orleánské,The Passion of Joan of Arc,1928,"['Drama', 'Životopisný', 'Historický']"
O patro výš,Safety Last!,1923,"['Komedie', 'Thriller', 'Romantický']"
Pátý element,The Fifth Element,1997,"['Sci-Fi', 'Akční', 'Komedie', 'Thriller']"
Úžasňákovi,The Incredibles,2004,"['Animovaný', 'Akční', 'Dobrodružný']"
Donnie Darko,Donnie Darko,2001,"['Drama', 'Sci-Fi']"
Kapitán Phillips,Captain Phillips,2013,"['Životopisný', 'Thriller', 'Drama']"
Monty Python a Svatý Grál,Monty Python and the Holy Grail,1975,"['Komedie', 'Dobrodružný']"
Vzpomínky na Afriku,Out of Africa,1985,"['Drama', 'Romantický', 'Životopisný', 'Dobrodružný']"
Závrať,Vertigo,1958,"['Romantický', 'Thriller']"
Legenda o Mulan,Mulan,1998,"['Animovaný', 'Dobrodružný', 'Drama']"
Upír Nosferatu,Nosferatu,1922,"['Horor', 'Fantasy']"
Popelka,Cinderella,1950,"['Animovaný', 'Romantický', 'Muzikál', 'Fantasy']"
Sedmá pečeť,The Seventh Seal,1957,"['Drama', 'Fantasy']"
Harold a Maude,Harold and Maude,1971,"['Komedie', 'Romantický', 'Drama']"
Krvavá neděle,Bloody Sunday,2002,"['Drama', 'Válečný']"
Bastard,The Promised Land,2023,"['Drama', 'Historický', 'Životopisný']"
Moje levá noha,My Left Foot,1989,"['Drama', 'Životopisný']"
Yojimbo,Yojimbo,1961,"['Drama', 'Akční']"
"Quo vadis, Aida?",,2020,['Drama']
Faust,Faust,1926,"['Drama', 'Fantasy', 'Horor']"
Nejlepší léta našeho života,The Best Years of Our Lives,1946,"['Drama', 'Romantický', 'Válečný']"
Vzpoura,Samurai Rebellion,1967,['Drama']
Piráti z Karibiku: Prokletí Černé perly,Pirates of the Caribbean: The Curse of the Black Pearl,2003,"['Dobrodružný', 'Akční', 'Fantasy', 'Komedie']"
Podivuhodný případ Benjamina Buttona,The Curious Case of Benjamin Button,2008,"['Drama', 'Fantasy', 'Romantický']"
Hvězdný prach,Stardust,2007,"['Fantasy', 'Romantický', 'Dobrodružný']"
Krvavý diamant,Blood Diamond,2006,"['Dobrodružný', 'Drama', 'Thriller']"
Jméno růže,The Name of the Rose,1986,"['Drama', 'Krimi', 'Thriller']"
Nesmiřitelní,Unforgiven,1992,"['Western', 'Drama']"
Noc na Zemi,Night on Earth,1991,"['Komedie', 'Drama']"
3-iron,3-Iron,2004,"['Drama', 'Krimi', 'Romantický']"
Prolomit vlny,,1996,"['Drama', 'Romantický']"
Unaveni sluncem,Burnt by the Sun,1994,"['Drama', 'Historický']"
Městečko South Park: Říše fantazie,South Park: Imaginationland,2008,"['Animovaný', 'Komedie']"
Corpus Christi,Corpus Christi,2019,['Drama']
Zabíjení,The Killing,1956,"['Drama', 'Krimi', 'Thriller']"
"Paříž, Texas","Paris, Texas",1984,"['Drama', 'Road movie']"
Nikdo mě nemá rád,The 400 Blows,1959,"['Krimi', 'Drama']"
Poklad na Sierra Madre,The Treasure of the Sierra Madre,1948,"['Dobrodružný', 'Drama', 'Western']"
Amatér,Camera Buff,1979,['Drama']
Selhání vyloučeno,Fail-Safe,1964,"['Drama', 'Thriller']"
Dárek do cely č.7,Miracle in Cell No. 7,2019,['Drama']
Poslední štace,The Last Laugh,1924,['Drama']
Drž hubu!,Shut Up!,2003,"['Komedie', 'Krimi']"
Samotáři,Loners,2000,"['Komedie', 'Drama']"
Tři billboardy kousek za Ebbingem,"Three Billboards Outside Ebbing, Missouri",2017,"['Drama', 'Krimi']"
Fargo,Fargo,1996,"['Drama', 'Krimi', 'Thriller']"
Tajemství hradu v Karpatech,The Mysterious Castle in the Carpathians,1981,"['Komedie', 'Sci-Fi']"
Parazit,Parasite,2019,"['Drama', 'Komedie', 'Thriller']"
Blbec k večeři,The Dinner Game,1998,['Komedie']
Ray,Ray,2004,"['Drama', 'Životopisný']"
Serpico,Serpico,1973,"['Životopisný', 'Krimi', 'Drama']"
Pouta války,Taegukgi: The Brotherhood of War,2004,"['Akční', 'Drama', 'Válečný']"
Prohnilí,My New Partner,1984,"['Komedie', 'Krimi']"
Kdo se bojí Virginie Woolfové?,Who's Afraid of Virginia Woolf?,1966,['Drama']
Jeden život,One Life,2023,"['Drama', 'Životopisný', 'Historický']"
Medená veža,The Copper Tower(festivalový název),1970,['Drama']
Doktor Živago,Doctor Zhivago,1965,"['Drama', 'Romantický']"
Welkeom tu Dongmakgol,Battle Ground 625,2005,"['Drama', 'Komedie', 'Válečný']"
Kimssi pyoryugi,,2009,"['Drama', 'Romantický']"
Útěk v řetězech,The Defiant Ones,1958,"['Drama', 'Krimi', 'Thriller']"
Panu učiteli s láskou,"To Sir, with Love",1967,['Drama']
Sanjuro,Sanjuro,1962,"['Akční', 'Dobrodružný', 'Drama']"
Šumař na střeše,Fiddler on the Roof,1971,"['Muzikál', 'Drama']"
Život je úžasný,Life Feels Good,2013,"['Drama', 'Životopisný']"
Star Trek,Star Trek,2009,"['Sci-Fi', 'Dobrodružný', 'Akční']"
Avengers: Endgame,Avengers: Endgame,2019,"['Akční', 'Dobrodružný', 'Sci-Fi', 'Fantasy']"
Čínská čtvrť,Chinatown,1974,"['Drama', 'Thriller', 'Krimi']"
Nebožtíci přejí lásce,Avanti!,1972,"['Komedie', 'Romantický']"
Byl jsem při tom,Being There,1979,"['Drama', 'Komedie']"
"Batman: Návrat Temného rytíře, část 2.","Batman: The Dark Knight Returns, Part 2",2013,"['Animovaný', 'Akční']"
Smrt si říká Engelchen,Death Is Called Engelchen,1963,"['Drama', 'Válečný']"
Plynové lampy,Gaslight,1944,['Thriller']
Někdo tam nahoře mě má rád,Somebody Up There Likes Me,1956,"['Drama', 'Životopisný']"
Maurice Richard,,2005,"['Drama', 'Životopisný']"
Présumé coupable,Guilty,2011,['Drama']
The Stoning of Soraya M.,"V kinech od26.06.2009
										Roadside Attractions",2008,['Drama']
Byl jsem lynčován,Fury,1936,"['Drama', 'Krimi', 'Thriller']"
Divotvůrkyně,The Miracle Worker,1962,"['Drama', 'Životopisný']"
Žhavé výstřely,Hot Shots!,1991,"['Akční', 'Komedie', 'Válečný', 'Romantický']"
Logan: Wolverine,Logan,2017,"['Sci-Fi', 'Akční', 'Thriller', 'Drama']"
Mechanický pomeranč,A Clockwork Orange,1971,"['Drama', 'Krimi', 'Sci-Fi']"
Goldfinger,Goldfinger,1964,"['Akční', 'Dobrodružný', 'Thriller']"
Zkažená mládež,The Class,2007,['Drama']
Annie Hallová,Annie Hall,1977,"['Komedie', 'Romantický']"
Bílá nemoc,Skeleton on Horseback,1937,"['Drama', 'Sci-Fi']"
Brubaker,Brubaker,1980,['Drama']
Kráva,The Cow,1993,['Drama']
Rašómon,Rashomon,1950,"['Drama', 'Krimi']"
Vražda na objednávku,Dial M for Murder,1954,"['Krimi', 'Thriller']"
Lesní jahody,Wild Strawberries,1957,"['Drama', 'Road movie']"
Staré pověsti české,Old Czech Legends,1952,"['Animovaný', 'Historický']"
Thelma a Louise,Thelma & Louise,1991,"['Krimi', 'Drama', 'Road movie']"
Dokonalý svět,A Perfect World,1993,"['Drama', 'Krimi', 'Thriller']"
Vůně ženy,Scent of a Woman,1992,['Drama']
Doručovací služba čarodějky Kiki,Kiki's Delivery Service,1989,"['Animovaný', 'Dobrodružný', 'Drama', 'Fantasy']"
Control,"V kinech od10.10.2007
										The Weinstein Company",2007,"['Drama', 'Životopisný']"
Jeremiah Johnson,Jeremiah Johnson,1972,"['Western', 'Drama', 'Dobrodružný']"
Metro Manila,Metro Manila,2013,"['Drama', 'Krimi', 'Thriller', 'Akční']"
Na Zlatém jezeře,On Golden Pond,1981,['Drama']
Džúbei a umění nindžucu,Ninja Scroll,1993,"['Animovaný', 'Akční', 'Dobrodružný', 'Fantasy']"
Vlčí děti,Wolf Children,2012,"['Animovaný', 'Drama', 'Fantasy', 'Romantický']"
Laurel a Hardy,Laurel and Hardy's Laughing 20's,1965,['Komedie']
Pan Smith přichází,Mr. Smith Goes to Washington,1939,"['Drama', 'Komedie']"
Kdo to tam zpívá,Who's Singin' Over There?,1980,"['Komedie', 'Drama', 'Road movie']"
Eso v rukávu,Ace in the Hole,1951,['Drama']
Poznamenaní,The Search,1948,"['Drama', 'Válečný']"
Vojna a mír III: Rok 1812,War and Peace: Part III,1967,"['Drama', 'Válečný']"
Vojna a mír,War and Peace,1965,"['Drama', 'Válečný']"
Smrtonosná past 2,Die Hard 2,1990,"['Akční', 'Thriller']"
Chlapec v pruhovaném pyžamu,The Boy in the Striped Pajamas,2008,"['Drama', 'Válečný']"
Walk the Line,Walk the Line,2005,"['Drama', 'Romantický', 'Životopisný']"
Hledání Země Nezemě,Finding Neverland,2004,"['Drama', 'Životopisný']"
Amores perros - Láska je kurva,Amores Perros,2000,"['Thriller', 'Drama', 'Krimi']"
Mrtvý muž,Dead Man,1995,"['Western', 'Drama', 'Fantasy']"
"Černá kočka, bílý kocour",,1998,"['Komedie', 'Romantický', 'Krimi']"
Misery nechce zemřít,Misery,1990,"['Drama', 'Krimi', 'Thriller']"
Sedím na konári a je mi dobre,"Sitting on a Branch, Enjoying Myself",1989,"['Drama', 'Komedie']"
Jako zabít ptáčka,To Kill a Mockingbird,1962,['Drama']
Silnice,The Road,1954,['Drama']
Mzda strachu,The Wages of Fear,1953,"['Thriller', 'Dobrodružný', 'Drama']"
Berserk: Ógon džidai hen II – Doldrey kórjaku,Berserk: Golden Age Arc II - The Battle for Doldrey,2012,"['Animovaný', 'Akční', 'Drama', 'Fantasy']"
Kinoautomat: Člověk a jeho dům,Kinoautomat: One Man and His House,1967,['Komedie']
Aurore,,2005,['Drama']
Pátá pečeť,The Fifth Seal,1976,"['Drama', 'Válečný']"
Vlk z Wall Street,The Wolf of Wall Street,2013,"['Životopisný', 'Komedie', 'Drama', 'Krimi']"
Hacksaw Ridge: Zrození hrdiny,Hacksaw Ridge,2016,"['Životopisný', 'Válečný', 'Historický', 'Drama']"
Návrat do Cold Mountain,Cold Mountain,2003,"['Drama', 'Válečný', 'Romantický']"
Pro hrst dolarů,A Fistful of Dollars,1964,"['Western', 'Akční', 'Drama']"
Opustit Las Vegas,Leaving Las Vegas,1995,"['Drama', 'Romantický']"
Ghost in the Shell,Ghost in the Shell,1995,"['Animovaný', 'Akční', 'Sci-Fi', 'Thriller']"
Petrolejové lampy,Oil Lamps,1971,['Drama']
Dotek Medúzy,The Medusa Touch,1978,"['Thriller', 'Horor']"
S láskou Vincent,Loving Vincent,2017,"['Animovaný', 'Životopisný', 'Krimi', 'Drama']"
Jesus Christ Superstar,Jesus Christ Superstar,1973,['Muzikál']
Arrietty ze světa půjčovníčků,The Secret World of Arrietty,2010,"['Animovaný', 'Dobrodružný', 'Drama', 'Fantasy']"
Volání divočiny,Born Free,1966,"['Drama', 'Dobrodružný']"
Kaktusový květ,Cactus Flower,1969,"['Komedie', 'Romantický']"
Ghost in the Shell 2.0,,2008,"['Animovaný', 'Akční', 'Sci-Fi']"
Mother and Child,"V kinech od07.05.2010
										Sony Pictures Classics",2009,"['Drama', 'Romantický']"
Boxer a smrť,The Boxer(neoficiální název),1962,['Drama']
Vozka smrti,The Phantom Carriage,1921,"['Drama', 'Fantasy', 'Horor']"
Zavěste červené lucerny,Raise the Red Lantern,1991,"['Drama', 'Historický']"
Člověk z mramoru,Man of Marble,1977,['Drama']
Jagna,The Peasants,2023,"['Drama', 'Historický', 'Animovaný']"
Big Lebowski,The Big Lebowski,1998,"['Komedie', 'Krimi']"
Ti druzí,The Others,2001,"['Horor', 'Thriller', 'Drama']"
Moulin Rouge,Moulin Rouge!,2001,"['Muzikál', 'Romantický', 'Drama']"
Základní instinkt,Basic Instinct,1992,"['Thriller', 'Drama', 'Krimi']"
Interstate 60,Interstate 60,2002,"['Dobrodružný', 'Komedie', 'Drama', 'Road movie']"
Stalker,,1979,"['Drama', 'Sci-Fi']"
Růžový panter znovu zasahuje,"V kinech od15.12.1976
										United Artists",1976,"['Komedie', 'Krimi']"
Hotel Mumbai,Hotel Mumbai,2018,"['Drama', 'Thriller', 'Historický', 'Akční']"
Adelheid,,1969,"['Drama', 'Válečný']"
Něco z Alenky,Alice,1988,"['Animovaný', 'Fantasy']"
Návrat,The Return,2003,"['Drama', 'Thriller']"
Smrtící bumerang,Sling Blade,1996,"['Drama', 'Thriller']"
Mastičkář,,1981,"['Drama', 'Romantický']"
Žít,To Live,1952,['Drama']
Rvačka mezi muži,Rififi,1955,"['Krimi', 'Drama', 'Thriller']"
Díra,Le Trou,1960,"['Krimi', 'Drama', 'Thriller']"
Barva ráje,The Color of Paradise,1999,['Drama']
Obchod za rohem,The Shop Around the Corner,1940,"['Komedie', 'Romantický']"
Vojna a mír IV: Pierre Bezuchov,War and Peace: Part IV,1967,['Drama']
Huo zhe,To Live,1994,"['Drama', 'Historický', 'Válečný']"
Jak utopit Dr. Mráčka aneb Konec vodníků v Čechách,"How to Drown Dr. Mracek, the Lawyer",1974,"['Komedie', 'Fantasy']"
Šíleně smutná princezna,The Incredibly Sad Princess,1968,['Komedie']
Válka Roseových,The War of the Roses,1989,"['Komedie', 'Drama']"
Přichází Satan!,"V kinech od25.06.1976
										20th Century Fox",1976,"['Horor', 'Thriller']"
Černý Petr,Black Peter,1963,"['Komedie', 'Drama']"
Vše o mé matce,All About My Mother,1999,['Drama']
Jih proti Severu,Gone with the Wind,1939,"['Drama', 'Romantický', 'Válečný']"
Hana a její sestry,Hannah and Her Sisters,1986,"['Komedie', 'Drama', 'Romantický']"
Hombre,Hombre,1967,"['Western', 'Drama']"
Americká noc,Day for Night,1973,"['Drama', 'Komedie', 'Romantický']"
"Raz, dva, tři","One, Two, Three",1961,['Komedie']
Pramen panny,The Virgin Spring,1960,['Drama']
Tři zločinci ve skryté pevnosti,The Hidden Fortress,1958,"['Akční', 'Dobrodružný', 'Komedie']"
Pokání,Atonement,2007,"['Drama', 'Romantický', 'Válečný']"
"Muži, kteří nenávidí ženy",The Girl with the Dragon Tattoo,2009,"['Krimi', 'Drama', 'Thriller']"
Magnolia,Magnolia,1999,['Drama']
Vinnetou - Poslední výstřel,The Desperado Trail,1965,"['Western', 'Dobrodružný']"
Nejvyšší nabídka,,2013,"['Drama', 'Romantický', 'Krimi']"
Magická hlubina,The Big Blue,1988,"['Drama', 'Romantický', 'Dobrodružný']"
Rytíři spravedlnosti,Riders of Justice,2020,"['Komedie', 'Drama', 'Thriller']"
Kočár do Vídně,Coach to Vienna,1966,"['Drama', 'Válečný']"
Persona,,1966,['Drama']
Návrat domů,Coming Home,1978,"['Drama', 'Romantický', 'Válečný']"
Ruróni Kenšin: Meidži kenkaku rómantan – Cuioku hen,Samurai X: Trust and Betrayal,1999,"['Animovaný', 'Drama', 'Historický', 'Romantický']"
Zapomenutí,The Young and the Damned,1950,"['Drama', 'Krimi']"
Jsem uprchlý galejník,I Am a Fugitive from a Chain Gang,1932,"['Drama', 'Krimi']"
Harry Potter a Relikvie smrti - část 2,"V kinech od15.07.2011
										Warner Bros. US",2011,"['Dobrodružný', 'Drama', 'Fantasy']"
Saw: Hra o přežití,Saw,2004,"['Horor', 'Thriller']"
Na nože,Knives Out,2019,"['Krimi', 'Komedie', 'Thriller', 'Drama']"
(Ne)obyčejný kluk,Wonder,2017,['Drama']
Vampire Hunter D,Vampire Hunter D: Bloodlust,2000,"['Animovaný', 'Drama', 'Horor', 'Sci-Fi']"
Underground,,1995,"['Drama', 'Komedie', 'Válečný']"
Na východ od ráje,East of Eden,1955,['Drama']
V žáru noci,In the Heat of the Night,1967,"['Krimi', 'Drama', 'Thriller']"
"Zahraj to znovu, Same","Play It Again, Sam",1972,"['Komedie', 'Romantický']"
Kabaret,Cabaret,1972,"['Drama', 'Muzikál', 'Romantický']"
Ďáblova past,The Devil's Trap,1961,['Drama']
"Evropa, Evropa",Europa Europa,1990,"['Drama', 'Válečný', 'Historický']"
Mefisto,Mephisto,1981,['Drama']
Co se vlastně stalo s Baby Jane?,What Ever Happened to Baby Jane?,1962,"['Drama', 'Horor', 'Thriller']"
Podzimní sonáta,Autumn Sonata,1978,['Drama']
Satanské tango,Satantango,1994,['Drama']
Bílé peklo,White Hell of Pitz Palu,1929,"['Drama', 'Akční', 'Dobrodružný']"
Shrek 2,Shrek 2,2004,"['Animovaný', 'Dobrodružný', 'Komedie']"
Marťan,The Martian,2015,"['Sci-Fi', 'Dobrodružný', 'Drama']"
E.T. - Mimozemšťan,E.T.: The Extra-Terrestrial,1982,"['Sci-Fi', 'Dobrodružný', 'Drama']"
"Sbohem, baby",Gone Baby Gone,2007,"['Drama', 'Krimi']"
Fantomas se zlobí,Fantomas Strikes Back,1965,"['Komedie', 'Dobrodružný', 'Krimi', 'Fantasy']"
Gattaca,Gattaca,1997,"['Drama', 'Sci-Fi', 'Thriller']"
Naprostí cizinci,Perfect Strangers,2016,"['Komedie', 'Drama']"
Lásky jedné plavovlásky,A Blonde in Love,1965,"['Romantický', 'Komedie', 'Drama']"
Adamova jablka,,2005,"['Komedie', 'Drama']"
Kluci nepláčou,Boys Don't Cry,1999,"['Krimi', 'Drama', 'Romantický']"
Půlnoční kovboj,Midnight Cowboy,1969,['Drama']
Země nikoho,No Man's Land,2001,"['Drama', 'Komedie', 'Válečný']"
Krakatit,,1948,"['Drama', 'Sci-Fi']"
Nebe nad Berlínem,Wings of Desire,1987,"['Fantasy', 'Drama', 'Romantický']"
Soumrak dne,The Remains of the Day,1993,"['Drama', 'Romantický']"
Amarcord,,1973,"['Drama', 'Komedie']"
Cyrano z Bergeracu,,1990,"['Životopisný', 'Historický', 'Romantický', 'Komedie', 'Drama']"
Pohraniční pásmo,J.S.A.: Joint Security Area,2000,"['Drama', 'Thriller', 'Válečný']"
Dům k pověšení,Time of the Gypsies,1988,"['Drama', 'Komedie', 'Krimi', 'Fantasy']"
Soumrak,,2002,"['Historický', 'Drama', 'Romantický']"
Svědomí,Conscience,1948,['Drama']
Hilary a Jackie,Hilary and Jackie,1998,"['Drama', 'Životopisný']"
Ubožáci,,1982,['Drama']
Babka,Granny,2003,['Drama']
Keurosing,Crossing,2008,['Drama']
Bouřlivá dvacátá léta,The Roaring Twenties,1939,"['Akční', 'Drama', 'Krimi', 'Thriller']"
La traviata,,1982,['Drama']
Indiana Jones a Chrám zkázy,Indiana Jones and the Temple of Doom,1984,"['Dobrodružný', 'Akční', 'Drama', 'Fantasy']"
Krotitelé duchů,Ghostbusters,1984,"['Sci-Fi', 'Fantasy', 'Komedie', 'Dobrodružný']"
Zápisník jedné lásky,The Notebook,2004,"['Romantický', 'Drama']"
Souboj Titánů,Clash of the Titans,1981,"['Fantasy', 'Dobrodružný', 'Akční']"
Oppenheimer,Oppenheimer,2023,"['Drama', 'Historický', 'Životopisný']"
Sully: Zázrak na řece Hudson,Sully,2016,"['Drama', 'Životopisný']"
Maverick,Maverick,1994,"['Western', 'Komedie', 'Dobrodružný']"
Lovec jelenů,The Deer Hunter,1978,"['Drama', 'Válečný']"
Volání o pomoc,Reign Over Me,2007,['Drama']
Příběh Alvina Straighta,The Straight Story,1999,"['Životopisný', 'Drama', 'Road movie']"
Bílá paní,The White Lady,1965,['Komedie']
Poslední pokušení Krista,The Last Temptation of Christ,1988,['Drama']
Roztomilý člověk,,1941,['Komedie']
Elitní jednotka 2: Vnitřní nepřítel,Elite Squad: The Enemy Within,2010,"['Akční', 'Krimi', 'Drama', 'Thriller']"
Poslední mohykán,,1947,['Komedie']
Mistrův syn,Drunken Master,1978,"['Komedie', 'Akční']"
Cena za něžnost,Terms of Endearment,1983,"['Romantický', 'Komedie', 'Drama']"
Rozchod Nadera a Simin,A Separation,2011,['Drama']
Brendan a tajemství Kellsu,Brendan and the Secret of Kells(festivalový název),2009,"['Animovaný', 'Dobrodružný', 'Fantasy']"
Krátký film o zabíjení,A Short Film About Killing,1987,"['Drama', 'Krimi']"
Chi bi xia: Jue zhan tian xia,Red Cliff: Part II,2009,"['Historický', 'Akční', 'Dobrodružný', 'Válečný', 'Drama']"
Stalag 17,Stalag 17,1953,"['Drama', 'Komedie', 'Válečný']"
Tisíc dnů s Annou,Anne of the Thousand Days,1969,"['Drama', 'Historický']"
Papírový měsíc,Paper Moon,1973,"['Road movie', 'Drama', 'Komedie']"
Prožít si své peklo,To Each His Hell(neoficiální název),1977,['Drama']
K smrti odsouzený uprchl,A Man Escaped or: The Wind Bloweth Where It Listeth,1956,"['Drama', 'Thriller', 'Válečný']"
Kókaku kidótai: Stand Alone Complex - Solid State Society,Ghost in the Shell: Stand Alone Complex - Solid State Society,2006,"['Animovaný', 'Akční', 'Sci-Fi']"
Maminčin zámek,My Mother's Castle,1990,"['Komedie', 'Drama', 'Romantický', 'Životopisný']"
Maraton,Marathon,2005,"['Drama', 'Životopisný']"
Pan Verdoux,Monsieur Verdoux,1947,"['Komedie', 'Drama']"
Červené střevíčky,The Red Shoes,1948,"['Drama', 'Romantický']"
Být či nebýt,To Be or Not to Be,1942,"['Komedie', 'Válečný']"
Pelle Dobyvatel,Pelle the Conqueror,1987,['Drama']
Georges Bizet: Carmen,Bizet's Carmen,1984,['Drama']
Avatar,Avatar,2009,"['Akční', 'Dobrodružný', 'Sci-Fi', 'Fantasy']"
Dannyho parťáci,Ocean's Eleven,2001,"['Krimi', 'Komedie', 'Thriller']"
Ospalá díra,Sleepy Hollow,1999,"['Fantasy', 'Horor']"
Auta,Cars,2006,"['Animovaný', 'Komedie']"
Kokain,Blow,2001,"['Krimi', 'Drama', 'Životopisný']"
Černí baroni,The Black Barons,1992,['Komedie']
Smrtonosná zbraň 3,Lethal Weapon 3,1992,"['Akční', 'Krimi', 'Thriller']"
Ghost Dog - Cesta samuraje,Ghost Dog: The Way of the Samurai,1999,"['Akční', 'Drama', 'Krimi', 'Thriller']"
Wallace & Gromit: Prokletí králíkodlaka,Wallace & Gromit in The Curse of the Were-Rabbit,2005,"['Animovaný', 'Dobrodružný', 'Komedie']"
Elitní jednotka,"V kinech od19.09.2008
										IFC Films",2007,"['Akční', 'Drama', 'Krimi', 'Thriller']"
Asterix a Kleopatra,Asterix and Cleopatra,1968,"['Animovaný', 'Dobrodružný', 'Komedie']"
Tři dny Kondora,Three Days of the Condor,1975,"['Thriller', 'Krimi']"
Vyvolávač deště,The Rainmaker,1997,"['Drama', 'Thriller']"
Občan Kane,Citizen Kane,1941,['Drama']
Star Trek VIII: První kontakt,Star Trek VIII: First Contact,1996,"['Sci-Fi', 'Dobrodružný', 'Akční', 'Thriller']"
Na kometě,On the Comet,1970,"['Dobrodružný', 'Sci-Fi', 'Fantasy']"
Perný den,A Hard Day's Night,1964,['Komedie']
V písku - Příslib svobody,Land of Mine,2015,"['Válečný', 'Historický', 'Drama']"
Šaráda,Charade,1963,"['Krimi', 'Romantický', 'Komedie', 'Thriller']"
Porco Rosso,Porco Rosso,1992,"['Animovaný', 'Dobrodružný', 'Historický', 'Komedie']"
Mimo zákon,Down by Law,1986,"['Komedie', 'Drama', 'Krimi']"
Ghost in the Shell 2: Innocence,Ghost in the Shell 2: Innocence,2004,"['Animovaný', 'Thriller', 'Sci-Fi', 'Akční']"
Koně se také střílejí,"They Shoot Horses, Don't They?",1969,['Drama']
Život v oblouznění,Living in Oblivion,1995,"['Komedie', 'Drama']"
Záře,Shine,1996,"['Drama', 'Životopisný']"
Pod vlivem lásky,Love Exposure,2008,"['Akční', 'Drama', 'Komedie', 'Romantický']"
Slídil,Sleuth,1972,['Thriller']
Bohémský život,The Bohemian Life,1992,"['Drama', 'Komedie']"
"Jdi, žij a někým se staň","Go, See, and Become",2005,['Drama']
Králův dvojník,Masquerade,2012,"['Historický', 'Drama']"
Werckmeisterovy harmonie,Werckmeister Harmonies,2000,['Drama']
Avengers,The Avengers,2012,"['Akční', 'Dobrodružný', 'Sci-Fi', 'Fantasy']"
Rocky IV,Rocky IV,1985,['Drama']
Křidýlko nebo stehýnko,The Wing and the Thigh,1976,['Komedie']
Je třeba zabít Sekala,Sekal Has to Die,1998,['Drama']
Ip Man 2,Ip Man 2: Legend of the Grandmaster,2010,"['Akční', 'Drama', 'Historický', 'Životopisný']"
Piano,The Piano,1993,"['Drama', 'Romantický']"
Jdi a dívej se,Come and See,1985,"['Drama', 'Válečný']"
Tisícročná včela,The Millennial Bee,1983,"['Drama', 'Komedie', 'Historický']"
Křižník Potěmkin,Battleship Potemkin,1925,"['Drama', 'Historický', 'Válečný']"
Provaz,Rope,1948,"['Krimi', 'Drama', 'Thriller']"
Příští rok ve stejnou dobu,"Same Time, Next Year",1978,"['Komedie', 'Drama', 'Romantický']"
Kafarnaum,Capernaum,2018,['Drama']
Vše o Evě,All About Eve,1950,['Drama']
Pokání,Repentance,1984,"['Komedie', 'Drama']"
Chladnokrevně,In Cold Blood,1967,"['Krimi', 'Drama']"
Kimi no suizó o tabetai,I Want to Eat Your Pancreas,2018,"['Animovaný', 'Romantický']"
Země zaslíbená,The Promised Land,1974,['Drama']
Císařův slavík,The Emperor's Nightingale,1948,['Animovaný']
Casino Royale,"V kinech od17.11.2006
										Columbia/Sony",2006,"['Akční', 'Dobrodružný', 'Krimi', 'Thriller']"
Toy Story 3: Příběh hraček,Toy Story 3,2010,"['Animovaný', 'Dobrodružný', 'Komedie']"
Dařbuján a Pandrhola,,1959,['Komedie']
Cesta do zatracení,Road to Perdition,2002,"['Drama', 'Krimi', 'Thriller']"
Ostře sledované vlaky,Closely Watched Trains,1966,"['Komedie', 'Drama']"
Bláznivá střela 2 a 1/2: Vůně strachu,The Naked Gun 2½: The Smell of Fear,1991,"['Komedie', 'Krimi', 'Akční']"
Aladin,Aladdin,1992,"['Animovaný', 'Muzikál', 'Fantasy']"
Pošetilost mocných,Delusions of Grandeur,1971,"['Komedie', 'Historický']"
Monty Pythonův smysl života,Monty Python's The Meaning of Life,1983,"['Komedie', 'Muzikál']"
Dogville,Dogville,2003,"['Drama', 'Thriller', 'Krimi']"
Příliš vzdálený most,A Bridge Too Far,1977,"['Válečný', 'Drama', 'Historický']"
Bosé nohy v parku,Barefoot in the Park,1967,"['Komedie', 'Romantický']"
Yeopgijeogin geunyeo,My Sassy Girl,2001,"['Drama', 'Komedie', 'Romantický']"
Slavíci v kleci,The Chorus,2004,['Drama']
Horalka,Two Women,1960,"['Drama', 'Válečný']"
Vražedná pole,The Killing Fields,1984,"['Drama', 'Válečný', 'Historický']"
Hrabě Monte Christo,The Count of Monte Cristo,1954,"['Dobrodružný', 'Drama', 'Romantický']"
Zjizvená tvář,Scarface,1932,"['Akční', 'Drama', 'Krimi', 'Thriller']"
Waterloo,Waterloo,1970,"['Drama', 'Akční', 'Válečný', 'Historický']"
Better Man,Better Man,2024,"['Životopisný', 'Drama']"
"Sbohem, má konkubíno",Farewell My Concubine,1993,"['Drama', 'Romantický', 'Válečný']"
Korunní svědek,Tiger Bay,1959,['Krimi']
Strážci Galaxie,Guardians of the Galaxy,2014,"['Akční', 'Dobrodružný', 'Sci-Fi', 'Fantasy', 'Komedie']"
Milionář z chatrče,Slumdog Millionaire,2008,"['Drama', 'Romantický']"
"„Pane, vy jste vdova!“","You Are a Widow, Sir",1970,"['Komedie', 'Sci-Fi']"
Rozum a cit,Sense and Sensibility,1995,"['Drama', 'Komedie', 'Romantický']"
Rosemary má děťátko,Rosemary's Baby,1968,"['Horor', 'Thriller', 'Drama']"
Manhattan,Manhattan,1979,"['Komedie', 'Drama', 'Romantický']"
"O dívce, která proskočila časem",The Girl Who Leapt Through Time,2006,"['Animovaný', 'Drama', 'Romantický', 'Sci-Fi']"
...a spravedlnost pro všechny,...And Justice for All,1979,"['Drama', 'Thriller', 'Krimi']"
Zločiny a poklesky,Crimes and Misdemeanors,1989,"['Komedie', 'Drama']"
Šťastný Luke - Daisy Town,,1971,"['Animovaný', 'Komedie', 'Western']"
Berserk: Ógon džidai hen III – Kórin,Berserk: Golden Age Arc III - Descent,2013,"['Animovaný', 'Akční', 'Drama', 'Fantasy']"
Glory,Glory,2016,['Drama']
Oběť,The Sacrifice,1986,['Drama']
Bitva o Alžír,The Battle of Algiers,1966,"['Drama', 'Válečný']"
"Ima, ai ni jukimasu",Be with You,2004,"['Fantasy', 'Romantický', 'Drama']"
Bílý žár,White Heat,1949,"['Akční', 'Drama', 'Krimi']"
Špalíček,The Czech Year,1947,['Animovaný']
Minority Report,Minority Report,2002,"['Sci-Fi', 'Akční', 'Thriller']"
X-Men: Budoucí minulost,X-Men: Days of Future Past,2014,"['Sci-Fi', 'Akční', 'Dobrodružný', 'Thriller']"
Nepřítel před branami,Enemy at the Gates,2001,"['Drama', 'Historický', 'Válečný']"
Kód Enigmy,The Imitation Game,2014,"['Válečný', 'Životopisný', 'Thriller', 'Drama']"
Ed Wood,Ed Wood,1994,"['Drama', 'Komedie', 'Životopisný']"
Traffic - Nadvláda gangů,Traffic,2000,"['Krimi', 'Drama', 'Thriller']"
Veřejný nepřítel č. 1: Epilog,Mesrine Part 2: Public Enemy #1,2008,"['Akční', 'Drama', 'Krimi', 'Thriller', 'Životopisný']"
Francouzská spojka,The French Connection,1971,"['Krimi', 'Thriller', 'Drama', 'Akční']"
Chaplin,Chaplin,1992,"['Drama', 'Životopisný']"
Smoke,"V kinech od09.06.1995
										Miramax Films",1995,"['Drama', 'Komedie']"
Po svatbě,After the Wedding,2006,['Drama']
Svatý rok,Holy Year,1976,"['Komedie', 'Krimi']"
A teď něco úplně jiného,And Now for Something Completely Different,1971,['Komedie']
Hamlet,"V kinech od25.12.1996
										Columbia/Sony",1996,"['Drama', 'Krimi', 'Romantický', 'Thriller']"
Neviditelný muž,The Invisible Man,1933,"['Sci-Fi', 'Horor', 'Thriller']"
Jeřábi táhnou,The Cranes Are Flying,1957,"['Drama', 'Romantický', 'Válečný']"
Píseň za chudého chlapce,Song for a Raggy Boy,2003,['Drama']
Starý dům uprostřed Madridu,Cria!,1976,['Drama']
Král Lear,King Lear,1970,['Drama']
"Já, robot","I, Robot",2004,"['Sci-Fi', 'Akční', 'Krimi', 'Thriller', 'Drama']"
Zrození Planety opic,Rise of the Planet of the Apes,2011,"['Akční', 'Dobrodružný', 'Drama', 'Sci-Fi', 'Thriller']"
Náš vůdce,The Wave,2008,"['Drama', 'Thriller']"
Krycí jméno Donnie Brasco,Donnie Brasco,1997,"['Drama', 'Krimi', 'Životopisný']"
Karamazovi,The Karamazovs,2008,['Drama']
Braindead - Živí mrtví,Dead Alive,1992,"['Komedie', 'Horor']"
Legenda o slavném návratu,The Legend of Bagger Vance,2000,"['Drama', 'Fantasy', 'Romantický']"
Všichni moji blízcí,All My Loved Ones,1999,"['Drama', 'Historický', 'Válečný']"
Na pokraji slávy,Almost Famous,2000,"['Drama', 'Životopisný']"
Legenda o opilém Mistrovi,Legend of the Drunken Master,1994,"['Akční', 'Komedie']"
Všichni prezidentovi muži,All the President's Men,1976,"['Drama', 'Historický', 'Thriller', 'Životopisný']"
Baader Meinhof Komplex,The Baader Meinhof Complex,2008,"['Akční', 'Drama', 'Krimi', 'Životopisný']"
Kundun,Kundun,1997,"['Drama', 'Životopisný', 'Historický', 'Válečný']"
Skafandr a motýl,The Diving Bell and the Butterfly,2007,"['Drama', 'Životopisný']"
Bambi,Bambi,1942,"['Animovaný', 'Drama']"
Balón,Balloon,2018,"['Drama', 'Thriller', 'Historický']"
Mňága - Happy End,,1996,['Komedie']
Cizinci ve vlaku,Strangers on a Train,1951,"['Krimi', 'Drama', 'Thriller']"
Země dinosaurů,The Land Before Time,1988,"['Animovaný', 'Dobrodružný', 'Fantasy']"
Pěst legendy,Fist of Legend,1994,"['Akční', 'Drama']"
Stalo se jedné noci,It Happened One Night,1934,"['Romantický', 'Komedie', 'Dobrodružný', 'Road movie']"
Daft Punk & Leiji Matsumoto's Interstella 5555: The 5tory of the 5ecret 5tar 5ystem,Daft Punk & Leiji Matsumoto: Interstella 5555,2003,"['Animovaný', 'Akční', 'Sci-Fi']"
Hosté večeře Páně,Winter Light,1963,['Drama']
Polnočná omša,Midnight Mass,1962,"['Drama', 'Válečný']"
Hanba,Shame,1968,"['Drama', 'Válečný']"
Zakázané hry,Forbidden Games,1952,"['Drama', 'Válečný']"
Trosečník,Cast Away,2000,"['Dobrodružný', 'Drama']"
X-Men 2,X-Men 2,2003,"['Akční', 'Dobrodružný', 'Sci-Fi', 'Thriller']"
S tebou mě baví svět,You Take the Kids!(festivalový název),1982,['Komedie']
Tahle země není pro starý,No Country for Old Men,2007,"['Thriller', 'Krimi', 'Drama']"
Klub poslední naděje,Dallas Buyers Club,2013,"['Drama', 'Životopisný']"
Divoké historky,Wild Tales,2014,"['Komedie', 'Drama', 'Thriller']"
Propast,The Abyss,1989,"['Akční', 'Dobrodružný', 'Sci-Fi', 'Thriller']"
Spotlight,Spotlight,2015,"['Drama', 'Historický', 'Krimi']"
Duše,Soul,2020,"['Animovaný', 'Dobrodružný', 'Komedie', 'Fantasy']"
Animatrix,The Animatrix,2003,"['Animovaný', 'Sci-Fi', 'Akční', 'Dobrodružný']"
Kam se poděla sedmá rota?,Now Where Did the Seventh Company Get to?,1973,"['Komedie', 'Válečný']"
Obávaný bojovník,Fearless,2006,"['Akční', 'Drama', 'Životopisný']"
"Anton Špelec, ostrostřelec",,1932,['Komedie']
"Muž, který nebyl",The Man Who Wasn't There,2001,"['Drama', 'Krimi']"
Před úsvitem,Before Sunrise,1995,"['Romantický', 'Drama']"
Kam orli nelétají,"V kinech od12.03.1969
										Metro-Goldwyn-Mayer (MGM)",1968,"['Akční', 'Dobrodružný', 'Válečný']"
Valentin Dobrotivý,,1942,['Komedie']
Půlnoční expres,"V kinech od06.10.1978
										Columbia Pictures US",1978,"['Krimi', 'Drama', 'Thriller', 'Životopisný']"
"Ronja, dcera loupežníka",Ronia: The Robber's Daughter,1984,"['Dobrodružný', 'Romantický']"
Perfect Blue,Perfect Blue,1997,"['Animovaný', 'Drama', 'Thriller']"
Země,Earth,1996,"['Drama', 'Romantický']"
Zvláštní den,A Special Day,1977,['Drama']
Stalo se za bílého dne,It Happened in Broad Daylight,1958,"['Krimi', 'Thriller']"
Tatami,Tatami,2023,"['Drama', 'Thriller']"
Suzumija Haruhi no šóšicu,The Disappearance of Haruhi Suzumiya,2010,['Animovaný']
"Sbohem, pane profesore!","Goodbye, Mr. Chips",1969,"['Drama', 'Muzikál', 'Romantický']"
Slovo,The Word,1955,['Drama']
Marie-Octobre,Marie-October,1959,['Drama']
Iron Man,Iron Man,2008,"['Akční', 'Dobrodružný', 'Sci-Fi']"
District 9,District 9,2009,"['Akční', 'Sci-Fi', 'Thriller']"
Osm hrozných,The Hateful Eight,2015,"['Western', 'Drama', 'Thriller']"
V zajetí démonů,The Conjuring,2013,"['Horor', 'Thriller']"
Je to i můj život,My Sister's Keeper,2009,['Drama']
Tootsie,Tootsie,1982,"['Komedie', 'Romantický']"
Modrý samet,Blue Velvet,1986,"['Thriller', 'Drama', 'Krimi']"
Uprchlíci,The Fugitives,1986,"['Komedie', 'Krimi']"
Méďa Béďa,"Hey There, It's Yogi Bear",1964,"['Animovaný', 'Dobrodružný', 'Komedie', 'Romantický']"
Killer,The Killer,1989,"['Akční', 'Krimi', 'Drama', 'Thriller']"
Stíny horkého léta,Shadows of a Hot Summer,1977,"['Drama', 'Válečný']"
Zkrocení zlé ženy,The Taming of the Shrew,1967,"['Komedie', 'Drama', 'Romantický']"
Smuteční slavnost,Funeral Ceremonies,1969,['Drama']
Most,The Bridge,1959,"['Drama', 'Válečný']"
Neuvěřitelný zmenšující se muž,The Incredible Shrinking Man,1957,"['Sci-Fi', 'Thriller', 'Drama', 'Horor']"
Sen noci svatojánské,A Midsummer Night's Dream,1959,"['Animovaný', 'Komedie', 'Romantický']"
Dědička,The Heiress,1949,"['Drama', 'Romantický']"
Unavená smrt,Between Two Worlds,1921,"['Drama', 'Thriller', 'Fantasy']"
Valkýra,Valkyrie,2008,"['Válečný', 'Historický', 'Thriller', 'Drama']"
Duna,Dune: Part One,2021,"['Sci-Fi', 'Akční', 'Dobrodružný', 'Drama']"
Pýcha a předsudek,Pride & Prejudice,2005,"['Romantický', 'Drama']"
Štěstí na dosah,The Pursuit of Happyness,2006,"['Drama', 'Životopisný']"
Bezva finta,Hold-Up,1985,"['Komedie', 'Krimi']"
Lost Highway,Lost Highway,1997,"['Thriller', 'Drama', 'Krimi']"
Život Davida Galea,The Life of David Gale,2003,"['Drama', 'Krimi', 'Thriller']"
Americký zločin,An American Crime,2007,"['Drama', 'Krimi', 'Životopisný']"
Vrah skrývá tvář,The Murderer Hides His Face,1966,"['Krimi', 'Drama']"
Dumbo,Dumbo,1941,"['Animovaný', 'Muzikál']"
Tři barvy: Modrá,"V kinech od31.03.2023
										Curzon Film",1993,['Drama']
Hrabě Monte Christo,The Count of Monte-Cristo,2024,"['Dobrodružný', 'Akční', 'Historický']"
Jmenuji se Khan,My Name is Khan,2010,"['Drama', 'Romantický', 'Thriller']"
Africká Královna,The African Queen,1951,"['Dobrodružný', 'Romantický', 'Válečný']"
Chi bi,Red Cliff: Part I,2008,"['Historický', 'Akční', 'Dobrodružný', 'Válečný', 'Drama']"
Berserk: Ógon džidai hen I – Haó no tamago,Berserk: Golden Age Arc I - The Egg of the King,2012,"['Animovaný', 'Akční', 'Drama', 'Fantasy']"
Rocco a jeho bratři,Rocco and His Brothers,1960,['Drama']
Tatínkova sláva,My Father's Glory,1990,"['Drama', 'Dobrodružný', 'Životopisný']"
Kes,Kes,1969,['Drama']
Balada o Narajamě,The Ballad of Narayama,1983,['Drama']
Skryté ostří,The Hidden Blade,2004,"['Drama', 'Romantický']"
Šarlatová ulice,Scarlet Street,1945,['Drama']
X-Men,X-Men,2000,"['Akční', 'Dobrodružný', 'Sci-Fi', 'Thriller']"
Pomáda,Grease,1978,"['Muzikál', 'Romantický', 'Komedie']"
Pyšná princezna,The Proud Princess,1952,"['Komedie', 'Drama', 'Romantický']"
Policajt v Beverly Hills,Beverly Hills Cop,1984,"['Akční', 'Komedie', 'Krimi']"
Mulholland Drive,Mulholland Drive,2001,"['Thriller', 'Drama', 'Romantický']"
Prvotní strach,Primal Fear,1996,"['Drama', 'Thriller', 'Krimi']"
Old Boy,Oldboy,2003,"['Drama', 'Thriller']"
Chlast,Another Round,2020,"['Drama', 'Komedie']"
Černá kniha,Black Book,2006,"['Thriller', 'Válečný', 'Drama']"
Mluv s ní,Talk to Her,2002,"['Drama', 'Romantický', 'Komedie']"
The Covenant,The Covenant,2023,"['Akční', 'Drama', 'Thriller', 'Válečný']"
Spartakus,Spartacus,1960,"['Válečný', 'Historický', 'Drama', 'Životopisný']"
Velký bazar,The Big Store,1973,['Komedie']
36. komnata Shaolinu,The 36th Chamber of Shaolin,1978,"['Akční', 'Historický', 'Dobrodružný', 'Drama']"
Kačeří příběhy: Poklad ze ztracené lampy,DuckTales The Movie - Treasure of the Lost Lamp,1990,"['Animovaný', 'Dobrodružný', 'Komedie']"
Kukačka,The Cuckoo,2002,"['Drama', 'Válečný', 'Komedie']"
Tři mušketýři: Královniny přívěsky,The Fighting Musketeers,1961,"['Dobrodružný', 'Romantický', 'Historický']"
El Dorado,El Dorado,1966,['Western']
Zrůdy,Freaks,1932,"['Drama', 'Horor']"
Jánošík,,1963,"['Dobrodružný', 'Drama', 'Historický']"
Krvavý trůn,Throne of Blood,1957,['Drama']
Anděl zkázy,The Exterminating Angel,1962,"['Komedie', 'Drama', 'Fantasy']"
Keulraesik,The Classic,2003,"['Romantický', 'Drama']"
Grand Prix,Grand Prix,1966,['Drama']
Potopa,The Deluge,1974,"['Dobrodružný', 'Válečný']"
Pouto nejsilnější,Brief Encounter,1945,"['Romantický', 'Drama']"
Strom na dřeváky,The Tree of Wooden Clogs,1978,"['Drama', 'Historický']"
Vlk samotář a mládě 2: Řeka smrti,Lone Wolf and Cub: Baby Cart at the River Styx,1972,"['Akční', 'Dobrodružný', 'Drama']"
Vlk samotář a mládě 3: Proti vichru smrti,Lone Wolf and Cub: Baby Cart to Hades,1972,"['Akční', 'Drama']"
"Frigo, oběť krevní msty",Our Hospitality,1923,['Komedie']
Srdce je osamělý lovec,The Heart Is a Lonely Hunter,1968,['Drama']
Kingsman: Tajná služba,Kingsman: The Secret Service,2014,"['Akční', 'Dobrodružný', 'Komedie', 'Thriller']"
Dívka na koštěti,The Girl on the Broomstick,1971,['Komedie']
Vzhůru do oblak,Up,2009,"['Animovaný', 'Dobrodružný', 'Drama', 'Komedie']"
Total Recall,Total Recall,1990,"['Akční', 'Sci-Fi', 'Thriller']"
Velká šestka,Big Hero 6,2014,"['Animovaný', 'Akční', 'Komedie']"
Master & Commander: Odvrácená strana světa,Master and Commander: The Far Side of the World,2003,"['Válečný', 'Historický', 'Dobrodružný', 'Akční', 'Drama']"
Lovci hlav,Headhunters,2011,"['Drama', 'Krimi', 'Thriller']"
Princ Egyptský,The Prince of Egypt,1998,"['Animovaný', 'Muzikál', 'Drama']"
Hrdinové ohně,Only the Brave,2017,"['Drama', 'Životopisný']"
Mravnost nade vše,Morality Above All Else,1937,['Komedie']
Dívka v modrém,Girl in Blue,1939,"['Komedie', 'Romantický']"
Psí odpoledne,Dog Day Afternoon,1975,"['Drama', 'Krimi', 'Thriller', 'Životopisný']"
Hard Boiled,Hard Boiled,1992,"['Akční', 'Drama', 'Krimi', 'Thriller']"
"4 měsíce, 3 týdny a 2 dny","4 Months, 3 Weeks and 2 Days",2007,['Drama']
Třetí muž,The 3rd Man,1949,['Thriller']
"Romeo, Julie a tma","Romeo, Juliet and Darkness",1959,"['Drama', 'Válečný']"
Divoká planeta,Fantastic Planet,1973,"['Animovaný', 'Sci-Fi']"
Milenci ze severního pólu,Lovers of the Arctic Circle,1998,"['Drama', 'Romantický']"
Klér,Kler,2018,['Drama']
Brankář,The Keeper,2018,"['Životopisný', 'Drama', 'Romantický']"
Viridiana,Viridiana,1961,['Drama']
Onibaba,Onibaba,1964,"['Drama', 'Horor']"
Fitzcarraldo,,1982,"['Dobrodružný', 'Drama']"
Žízeň po životě,Lust for Life,1956,"['Drama', 'Životopisný']"
Karlík a továrna na čokoládu,Charlie and the Chocolate Factory,2005,"['Fantasy', 'Muzikál', 'Dobrodružný', 'Komedie']"
Thor: Ragnarok,Thor: Ragnarok,2017,"['Akční', 'Dobrodružný', 'Fantasy', 'Sci-Fi', 'Komedie']"
V Bruggách,In Bruges,2008,"['Drama', 'Komedie', 'Krimi', 'Thriller']"
V hlavě,Inside Out,2015,"['Animovaný', 'Fantasy', 'Dobrodružný', 'Komedie', 'Drama']"
"Ten, kdo stojí v koutě",The Perks of Being a Wallflower,2012,"['Drama', 'Romantický']"
Pád Třetí říše,Downfall,2004,"['Drama', 'Historický', 'Válečný', 'Životopisný']"
Kontakt,Contact,1997,"['Drama', 'Sci-Fi', 'Thriller']"
Raubíř Ralf,Wreck-It Ralph,2012,"['Animovaný', 'Dobrodružný', 'Komedie']"
Taxikář,Taxi Driver,1976,"['Drama', 'Krimi']"
Záměna,Trading Places,1983,['Komedie']
Poslední souboj,The Last Duel,2021,"['Drama', 'Historický']"
Vítězové a poražení,Any Given Sunday,1999,['Drama']
Před soumrakem,Before Sunset,2004,"['Romantický', 'Drama']"
Marketa Lazarová,Marketa Lazarová,1967,"['Drama', 'Historický']"
Tucet špinavců,The Dirty Dozen,1967,"['Akční', 'Válečný', 'Drama']"
Straight Outta Compton,Straight Outta Compton,2015,"['Životopisný', 'Historický', 'Krimi', 'Drama']"
Ten kluk,Boy A,2007,['Drama']
Hlas moře,The Sea Inside,2004,"['Drama', 'Životopisný']"
"Legenda o ""1900""",The Legend of the Pianist on the Ocean,1998,"['Drama', 'Romantický']"
Šepot srdce,Whisper of the Heart,1995,"['Animovaný', 'Drama', 'Romantický']"
Signum laudis,Signum Laudis,1980,"['Drama', 'Válečný']"
Mastičkář,Forgotten Love,2023,['Drama']
All That Jazz,All That Jazz,1979,"['Drama', 'Komedie', 'Muzikál']"
"Vidíš měsíc, Danieli",Held for Ransom,2019,"['Drama', 'Thriller', 'Životopisný']"
Příběh Marie,Marie's Story,2014,"['Životopisný', 'Drama']"
Příběh z Tokia,,1953,['Drama']
Dětské tváře,Faces of Children,1925,"['Drama', 'Romantický']"
Skyfall,"V kinech od09.11.2012
										Sony Pictures",2012,"['Akční', 'Dobrodružný', 'Thriller']"
Ať žijí duchové!,Long Live Ghosts!,1977,"['Komedie', 'Muzikál', 'Fantasy']"
Ready Player One: Hra začíná,Ready Player One,2018,"['Akční', 'Sci-Fi', 'Dobrodružný']"
Muž na Měsíci,"V kinech od22.12.1999
										Universal Pictures US",1999,"['Komedie', 'Drama', 'Životopisný']"
Lid versus Larry Flynt,The People vs. Larry Flynt,1996,"['Drama', 'Životopisný']"
Hodiny,The Hours,2002,['Drama']
"Má mě rád, nemá mě rád",Flipped,2010,"['Komedie', 'Drama', 'Romantický']"
Vymítač ďábla,The Exorcist,1973,['Horor']
Saturnin,Saturnin,1994,['Komedie']
Legendy z Dogtownu,Lords of Dogtown,2005,"['Drama', 'Životopisný']"
Sudá a lichá,Trinity: Gambling for High Stakes,1978,"['Komedie', 'Krimi', 'Akční']"
Tarzan,Tarzan,1999,"['Animovaný', 'Dobrodružný', 'Romantický']"
Hořký měsíc,Bitter Moon,1992,"['Drama', 'Romantický', 'Thriller']"
Není král jako král,The Emperor's New Groove,2000,"['Animovaný', 'Komedie', 'Dobrodružný']"
Kleopatra,Cleopatra,1963,"['Drama', 'Romantický', 'Historický', 'Životopisný']"
West Side Story,West Side Story,1961,"['Muzikál', 'Romantický', 'Drama']"
Golfový sen,The Greatest Game Ever Played,2005,['Drama']
Pytlákova schovanka aneb Šlechetný milionář,The Poacher's Foster Daughter or Noble Millionaire,1949,"['Komedie', 'Romantický']"
Volavka,Infernal Affairs,2002,"['Drama', 'Krimi', 'Thriller']"
V rytmu srdce,CODA,2021,['Drama']
Dolores Claiborneová,Dolores Claiborne,1995,"['Drama', 'Thriller', 'Krimi']"
Hra na pláč,"V kinech od25.11.1992
										Miramax Films",1992,"['Krimi', 'Drama', 'Thriller', 'Romantický']"
Dealer III,I'm the Angel of Death: Pusher III,2005,"['Krimi', 'Drama', 'Thriller']"
Rosencrantz a Guildenstern jsou mrtvi,Rosencrantz & Guildenstern Are Dead,1990,"['Komedie', 'Drama']"
Jak jsem se stal gangsterem,How I Became a Gangster. True Story,2019,"['Akční', 'Krimi', 'Drama']"
Poslední představení,The Last Picture Show,1971,['Drama']
Zázrak v New Yorku,Miracle on 34th Street,1947,"['Komedie', 'Drama', 'Fantasy']"
Dny vína a růží,Days of Wine and Roses,1962,"['Romantický', 'Drama']"
Hobit: Neočekávaná cesta,The Hobbit: An Unexpected Journey,2012,"['Dobrodružný', 'Fantasy']"
Duch,Ghost,1990,"['Drama', 'Romantický', 'Thriller', 'Fantasy']"
Předčítač,The Reader,2008,"['Drama', 'Romantický', 'Válečný']"
Edith Piaf,La Vie en rose,2007,"['Drama', 'Životopisný']"
Hrdina,Hero,2002,"['Akční', 'Drama', 'Dobrodružný']"
Room,Room,2015,['Drama']
Odpojit,Disconnect,2012,"['Drama', 'Thriller']"
Král rybář,The Fisher King,1991,"['Drama', 'Komedie', 'Romantický']"
Oddělen,Detachment,2011,['Drama']
Když Burian prášil,Baron Munchhausen,1940,['Komedie']
Sledování,Following,1998,"['Krimi', 'Thriller', 'Drama']"
Svatba jako řemen,,1967,['Komedie']
Trio z Belleville,The Triplets of Belleville,2003,"['Animovaný', 'Drama', 'Komedie']"
Akira,,1988,"['Animovaný', 'Sci-Fi', 'Drama', 'Thriller']"
Purpurová barva,The Color Purple,1985,['Drama']
Místnost sebevrahů. Hater,The Hater,2020,"['Drama', 'Thriller']"
Požáry,Incendies,2010,"['Drama', 'Válečný']"
Seber prachy a zmiz,Take the Money and Run,1969,['Komedie']
Kovboj Bebop: Lovec odměn,Cowboy Bebop: The Movie,2001,"['Animovaný', 'Akční', 'Krimi', 'Drama', 'Thriller', 'Sci-Fi']"
Bohem zapomenuté děti,Children of a Lesser God,1986,"['Drama', 'Romantický']"
Strach jíst duše,Ali: Fear Eats the Soul,1974,"['Drama', 'Romantický']"
Malý svět dona Camilla,The Little World of Don Camillo,1952,['Komedie']
Deadpool,Deadpool,2016,"['Akční', 'Komedie', 'Dobrodružný', 'Sci-Fi', 'Romantický']"
Coach Carter,Coach Carter,2005,"['Drama', 'Životopisný']"
Psí poslání,A Dog's Purpose,2017,"['Dobrodružný', 'Komedie', 'Drama', 'Fantasy']"
Malý princ,The Little Prince,2015,"['Animovaný', 'Fantasy']"
Složka 64,The Purity of Vengeance,2018,"['Krimi', 'Thriller']"
Nebezpečné známosti,Dangerous Liaisons,1988,"['Drama', 'Romantický']"
